============================================================
  日志文件创建: 2026-09-11 11:23:27
  策略版本: v52 (for MiniQMT Evn)
  标的: portfolio
============================================================
[11:23:27] [REFERENCE-MODE] shadow: coefficient scaling affects execution baseline; shadow intraday strength is observation only; active requires user-approved validation
[11:23:27] [连接] MiniQMT 行情服务已连接
[11:23:29] [账号状态] 8890145315 STOCK: 正常
[11:23:29] [交易] 已订阅账号 8890145315
[11:23:29] [RUNTIME] watchdog=15.0s read-RPC-timeout=5.0s instrumented-clients=2; native/router calls may have separate timeouts
[11:23:29] [PORTFOLIO-START] all account holdings; mode=SIGNAL
[11:23:30] [PORTFOLIO-ADD] 600584.SH shares=1000 lot=100
[11:23:30] [PORTFOLIO-ADD] 601869.SH shares=100 lot=100
[11:23:31] [DailyData] excluded incomplete current-day bar 20260911
[11:23:33] [DATA-HEALTH] last_complete=20260910 expected=20260910 raw_close=68.12 tick_lastClose=68.12 count=79 aligned=True status=OK
[11:23:33] [600584.SH] [DATA-DBG] last_complete=20260910 hist_open[-3:]=[69.57, 69.10, 68.00] | tick_open=66.50 | lastClose=68.12 | signal_open=66.50 (TICK_OPEN)
[11:23:33] [600584.SH] [VOLUME-DATA] complete_count=79 tail=[738361.0, 613675.0, 481936.0]
[11:23:34] [DailyData] excluded incomplete current-day bar 20260911
[11:23:36] [DATA-HEALTH] last_complete=20260910 expected=20260910 raw_close=435.74 tick_lastClose=435.74 count=79 aligned=True status=OK
[11:23:36] [601869.SH] [DATA-DBG] last_complete=20260910 hist_open[-3:]=[400.88, 430.00, 437.32] | tick_open=428.00 | lastClose=435.74 | signal_open=428.00 (TICK_OPEN)
[11:23:36] [601869.SH] [VOLUME-DATA] complete_count=79 tail=[156181.0, 198414.0, 113563.0]
[11:23:37] [DailyData] excluded incomplete current-day bar 20260911
[11:23:39] [DATA-HEALTH] last_complete=20260910 expected=20260910 raw_close=435.74 tick_lastClose=435.74 count=79 aligned=True status=OK
[11:23:39] [601869.SH] [DATA-DBG] last_complete=20260910 hist_open[-3:]=[400.88, 430.00, 437.32] | tick_open=428.00 | lastClose=435.74 | signal_open=428.00 (TICK_OPEN)
[11:23:39] [601869.SH] [VOLUME-DATA] complete_count=79 tail=[156181.0, 198414.0, 113563.0]
[11:23:41] [DailyData] excluded incomplete current-day bar 20260911
[11:23:43] [DATA-HEALTH] last_complete=20260910 expected=20260910 raw_close=68.12 tick_lastClose=68.12 count=79 aligned=True status=OK
[11:23:43] [600584.SH] [DATA-DBG] last_complete=20260910 hist_open[-3:]=[69.57, 69.10, 68.00] | tick_open=66.50 | lastClose=68.12 | signal_open=66.50 (TICK_OPEN)
[11:23:43] [600584.SH] [VOLUME-DATA] complete_count=79 tail=[738361.0, 613675.0, 481936.0]
[11:23:43] [600584.SH] [START] v52 SIGNAL
[11:23:43] [600584.SH] [T-SIZE PLAN] at base Y66.50: REV 0 sh / FWD 0 sh; rechecked at order submission
[11:23:43] [600584.SH] [SIGNAL] ADAPTIVE-SIDEWAYS | SignalBase Y66.50 (source: today open tick) | ATR 4.7% | RSI 26 | Vol_ratio 0.48 | Mult 0.20 | base-trigger Y67.12 [REV-T blocked:sellable 0 sh < 100 sh]
[11:23:43] [600584.SH] [REFERENCE] base-trigger Y67.12 | execution Y67.12 | shadow-candidate NOT_READY
[11:23:43] [600584.SH] [QUANTILE-TREND] score -0.490 | rank 0.429 | trigger-Q 0.446 | samples 70 | span 8d | ATR-units 0.198
[11:23:43] [600584.SH] [QUANTILE-FORMULA] units=Quantile(next-day open-to-high, tail 0.125 + trend-rank 0.429*(1-2*tail)) = Q0.446 -> raw 0.3302 * scale 0.60 = 0.1981
[11:23:43] [600584.SH] [VOLUME] last 481936 | prev10_avg 757222 (last/10d 0.64x) | prev20_avg 1004353 (last/20d 0.48x) | n10=10 n20=20 | VALID
[11:23:43] [600584.SH] [FACTOR] trend_score -0.49 |  trend_rank +0.43 |  trigger_q +0.45 | 
[11:23:43] [600584.SH] [ACCOUNT] Position:1000 sh Y66,000(56%) | Cash:Y7,495 | Sellable:0 lots(0 sh)
[11:23:44] [600584.SH] [REV-T] BLOCKED sellable 0 sh < 100 sh | base-trigger Y67.12 = open Y66.50*(1+ATR 4.73%*(raw 0.330188*scale 0.600)) | base-trigger Y67.12 | execution Y67.12 | shadow-candidate NOT_READY | buyback Y66.64 = Y67.12*(1-4.73%*0.15)
[11:23:44] [600584.SH] [FWD-T] BLOCKED T+1: sellable base shares 0 sh < 100 sh | plan buy Y64.61 = max(floor Y64.50, trail Y64.61) | plan sell Y65.39 = Y64.61*(1+1.2%) | planned value~Y0
[11:23:44] [600584.SH] [MOM] 2minutes±3.6×ATR in 10 minutes(1.0%~6.0%) 反T买回-1.5% 正T卖回+1.8% 最小单位(100sh)，新开仓按金额/底仓动态计算 上限3次 紧急买回关
[11:23:44] [600584.SH] [MOM-CAPACITY] short OFF sellable 0 sh < 100 sh | long OFF T+1: sellable base shares 0 sh < 100 sh
[11:23:44] [600584.SH] [MOM-v40] REV让权开 band 1.20% (仅低于REV阈值) | 自适应回撤开 0.20~0.60% ATR×0.30
[11:23:44] [600584.SH] [CONNECTION] market/trade probes OK
[11:23:44] [600584.SH] [QUOTE-HEALTH] FRESH connection=OK quote_time=2026-09-11 11:23:41 age=3.4s last_rpc_success=2026-09-11 11:23:44 last_confirmed_fresh=2026-09-11 11:23:44 reason=source quote within age limit action=LOG_ONLY
[11:23:45] [600584.SH] [MA-POS] price Y66.00 | MA5 Y68.07: BELOW -3.04% | MA20 Y73.97: BELOW -10.77%
[11:23:45] [600584.SH] [MA20 RISK] price Y66.00 is below 97% of MA20 (risk line Y71.75)
[11:23:45] [600584.SH] [OPEN] [Y66.00] [REV-T needs +1.70% to Y67.12] [FWD-T needs -2.11% to Y64.61]
[11:23:45] [600584.SH] [STRENGTH SHADOW] WARMUP minutes=0 components=[0.0, 0.0, 0.0] S=0.000 base=Y66.50 base-trigger=Y67.12 candidate=NOT_READY execution=Y67.12 U0=0.0000 Ul=0.2574 U=0.0000 limit=- reason=WARMUP
[11:23:45] [600584.SH] [STANDBY] Y66.00 no trade direction
[11:23:45] [600584.SH] [START] v52 SIGNAL
[11:23:45] [600584.SH] [T-SIZE PLAN] at base Y66.50: REV 0 sh / FWD 0 sh; rechecked at order submission
[11:23:46] [600584.SH] [SIGNAL] ADAPTIVE-SIDEWAYS | SignalBase Y66.50 (source: today open tick) | ATR 4.7% | RSI 26 | Vol_ratio 0.48 | Mult 0.20 | base-trigger Y67.12 [REV-T blocked:sellable 0 sh < 100 sh]
[11:23:46] [600584.SH] [REFERENCE] base-trigger Y67.12 | execution Y67.12 | shadow-candidate NOT_READY
[11:23:46] [600584.SH] [QUANTILE-TREND] score -0.490 | rank 0.429 | trigger-Q 0.446 | samples 70 | span 8d | ATR-units 0.198
[11:23:46] [600584.SH] [QUANTILE-FORMULA] units=Quantile(next-day open-to-high, tail 0.125 + trend-rank 0.429*(1-2*tail)) = Q0.446 -> raw 0.3302 * scale 0.60 = 0.1981
[11:23:46] [600584.SH] [VOLUME] last 481936 | prev10_avg 757222 (last/10d 0.64x) | prev20_avg 1004353 (last/20d 0.48x) | n10=10 n20=20 | VALID
[11:23:46] [600584.SH] [FACTOR] trend_score -0.49 |  trend_rank +0.43 |  trigger_q +0.45 | 
[11:23:46] [600584.SH] [ACCOUNT] Position:1000 sh Y66,000(56%) | Cash:Y7,495 | Sellable:0 lots(0 sh)
[11:23:46] [600584.SH] [REV-T] BLOCKED sellable 0 sh < 100 sh | base-trigger Y67.12 = open Y66.50*(1+ATR 4.73%*(raw 0.330188*scale 0.600)) | base-trigger Y67.12 | execution Y67.12 | shadow-candidate NOT_READY | buyback Y66.64 = Y67.12*(1-4.73%*0.15)
[11:23:46] [600584.SH] [FWD-T] BLOCKED T+1: sellable base shares 0 sh < 100 sh | plan buy Y64.67 = max(floor Y64.50, trail Y64.67) | plan sell Y65.45 = Y64.67*(1+1.2%) | planned value~Y0
[11:23:46] [600584.SH] [MOM] 2minutes±3.6×ATR in 10 minutes(1.0%~6.0%) 反T买回-1.5% 正T卖回+1.8% 最小单位(100sh)，新开仓按金额/底仓动态计算 上限3次 紧急买回关
[11:23:46] [600584.SH] [MOM-CAPACITY] short OFF sellable 0 sh < 100 sh | long OFF T+1: sellable base shares 0 sh < 100 sh
[11:23:46] [600584.SH] [MOM-v40] REV让权开 band 1.20% (仅低于REV阈值) | 自适应回撤开 0.20~0.60% ATR×0.30
[11:23:47] [600584.SH] [CONNECTION] market/trade probes OK
[11:23:47] [600584.SH] [QUOTE-HEALTH] FRESH connection=OK quote_time=2026-09-11 11:23:44 age=2.8s last_rpc_success=2026-09-11 11:23:46 last_confirmed_fresh=2026-09-11 11:23:46 reason=source quote within age limit action=LOG_ONLY
[11:23:47] [600584.SH] [MA-POS] price Y66.00 | MA5 Y68.07: BELOW -3.04% | MA20 Y73.97: BELOW -10.77%
[11:23:47] [600584.SH] [MA20 RISK] price Y66.00 is below 97% of MA20 (risk line Y71.75)
[11:23:47] [600584.SH] [OPEN] [Y66.00] [REV-T needs +1.70% to Y67.12] [FWD-T needs -2.02% to Y64.67]
[11:23:47] [600584.SH] [STRENGTH SHADOW] WARMUP minutes=0 components=[0.0, 0.0, 0.0] S=0.000 base=Y66.50 base-trigger=Y67.12 candidate=NOT_READY execution=Y67.12 U0=0.0000 Ul=0.2574 U=0.0000 limit=- reason=WARMUP
[11:23:47] [600584.SH] [STANDBY] Y66.00 no trade direction
[11:23:47] [601869.SH] [START] v52 SIGNAL
[11:23:48] [601869.SH] [T-SIZE PLAN] at base Y428.00: REV 0 sh / FWD 0 sh; rechecked at order submission
[11:23:48] [601869.SH] [SIGNAL] ADAPTIVE-SIDEWAYS | SignalBase Y428.00 (source: today open tick) | ATR 6.2% | RSI 67 | Vol_ratio 0.78 | Mult 0.37 | base-trigger Y437.74 [REV-T blocked:sellable 0 sh < 100 sh]
[11:23:48] [601869.SH] [REFERENCE] base-trigger Y437.74 | execution Y437.74 | shadow-candidate NOT_READY
[11:23:48] [601869.SH] [QUANTILE-TREND] score +0.978 | rank 0.729 | trigger-Q 0.671 | samples 70 | span 8d | ATR-units 0.368
[11:23:48] [601869.SH] [QUANTILE-FORMULA] units=Quantile(next-day open-to-high, tail 0.125 + trend-rank 0.729*(1-2*tail)) = Q0.671 -> raw 0.6141 * scale 0.60 = 0.3684
[11:23:48] [601869.SH] [VOLUME] last 113563 | prev10_avg 142905 (last/10d 0.79x) | prev20_avg 145182 (last/20d 0.78x) | n10=10 n20=20 | VALID
[11:23:48] [601869.SH] [FACTOR] trend_score +0.98 |  trend_rank +0.73 |  trigger_q +0.67 | 
[11:23:48] [601869.SH] [ACCOUNT] Position:100 sh Y43,600(37%) | Cash:Y7,495 | Sellable:0 lots(0 sh)
[11:23:48] [601869.SH] [REV-T] BLOCKED sellable 0 sh < 100 sh | base-trigger Y437.74 = open Y428.00*(1+ATR 6.18%*(raw 0.614081*scale 0.600)) | base-trigger Y437.74 | execution Y437.74 | shadow-candidate NOT_READY | buyback Y433.68 = Y437.74*(1-6.18%*0.15)
[11:23:48] [601869.SH] [FWD-T] BLOCKED insufficient cash for 1 lot; T+1: sellable base shares 0 sh < 100 sh | plan buy Y426.73 = max(floor Y415.16, trail Y426.73) | plan sell Y431.85 = Y426.73*(1+1.2%) | planned value~Y0
[11:23:48] [601869.SH] [MOM] 2minutes±3.6×ATR in 10 minutes(1.0%~6.0%) 反T买回-1.5% 正T卖回+1.8% 最小单位(100sh)，新开仓按金额/底仓动态计算 上限3次 紧急买回关
[11:23:48] [601869.SH] [MOM-CAPACITY] short OFF sellable 0 sh < 100 sh | long OFF insufficient cash for 1 lot; T+1: sellable base shares 0 sh < 100 sh
[11:23:48] [601869.SH] [MOM-v40] REV让权开 band 1.20% (仅低于REV阈值) | 自适应回撤开 0.20~0.60% ATR×0.30
[11:23:49] [601869.SH] [CONNECTION] market/trade probes OK
[11:23:49] [601869.SH] [QUOTE-HEALTH] FRESH connection=OK quote_time=2026-09-11 11:23:46 age=2.9s last_rpc_success=2026-09-11 11:23:48 last_confirmed_fresh=2026-09-11 11:23:48 reason=source quote within age limit action=LOG_ONLY
[11:23:49] [601869.SH] [MA-POS] price Y436.00 | MA5 Y426.23: ABOVE +2.29% | MA20 Y398.32: ABOVE +9.46%
[11:23:49] [601869.SH] [OPEN] [Y436.00] [REV-T needs +0.40% to Y437.74] [FWD-T needs -2.13% to Y426.73]
[11:23:49] [601869.SH] [STRENGTH SHADOW] WARMUP minutes=0 components=[0.0, 0.0, 0.0] S=0.000 base=Y428.00 base-trigger=Y437.74 candidate=NOT_READY execution=Y437.74 U0=0.0000 Ul=0.2907 U=0.0000 limit=- reason=WARMUP
[11:23:49] [601869.SH] [STANDBY] Y436.00 no trade direction
[11:23:49] [601869.SH] [START] v52 SIGNAL
[11:23:50] [601869.SH] [T-SIZE PLAN] at base Y428.00: REV 0 sh / FWD 0 sh; rechecked at order submission
[11:23:50] [601869.SH] [SIGNAL] ADAPTIVE-SIDEWAYS | SignalBase Y428.00 (source: today open tick) | ATR 6.2% | RSI 67 | Vol_ratio 0.78 | Mult 0.37 | base-trigger Y437.74 [REV-T blocked:sellable 0 sh < 100 sh]
[11:23:50] [601869.SH] [REFERENCE] base-trigger Y437.74 | execution Y437.74 | shadow-candidate NOT_READY
[11:23:50] [601869.SH] [QUANTILE-TREND] score +0.978 | rank 0.729 | trigger-Q 0.671 | samples 70 | span 8d | ATR-units 0.368
[11:23:50] [601869.SH] [QUANTILE-FORMULA] units=Quantile(next-day open-to-high, tail 0.125 + trend-rank 0.729*(1-2*tail)) = Q0.671 -> raw 0.6141 * scale 0.60 = 0.3684
[11:23:50] [601869.SH] [VOLUME] last 113563 | prev10_avg 142905 (last/10d 0.79x) | prev20_avg 145182 (last/20d 0.78x) | n10=10 n20=20 | VALID
[11:23:50] [601869.SH] [FACTOR] trend_score +0.98 |  trend_rank +0.73 |  trigger_q +0.67 | 
[11:23:50] [601869.SH] [ACCOUNT] Position:100 sh Y43,600(37%) | Cash:Y7,495 | Sellable:0 lots(0 sh)
[11:23:50] [601869.SH] [REV-T] BLOCKED sellable 0 sh < 100 sh | base-trigger Y437.74 = open Y428.00*(1+ATR 6.18%*(raw 0.614081*scale 0.600)) | base-trigger Y437.74 | execution Y437.74 | shadow-candidate NOT_READY | buyback Y433.68 = Y437.74*(1-6.18%*0.15)
[11:23:50] [601869.SH] [FWD-T] BLOCKED insufficient cash for 1 lot; T+1: sellable base shares 0 sh < 100 sh | plan buy Y426.72 = max(floor Y415.16, trail Y426.72) | plan sell Y431.84 = Y426.72*(1+1.2%) | planned value~Y0
[11:23:50] [601869.SH] [MOM] 2minutes±3.6×ATR in 10 minutes(1.0%~6.0%) 反T买回-1.5% 正T卖回+1.8% 最小单位(100sh)，新开仓按金额/底仓动态计算 上限3次 紧急买回关
[11:23:50] [601869.SH] [MOM-CAPACITY] short OFF sellable 0 sh < 100 sh | long OFF insufficient cash for 1 lot; T+1: sellable base shares 0 sh < 100 sh
[11:23:50] [601869.SH] [MOM-v40] REV让权开 band 1.20% (仅低于REV阈值) | 自适应回撤开 0.20~0.60% ATR×0.30
[11:23:51] [601869.SH] [CONNECTION] market/trade probes OK
[11:23:51] [601869.SH] [QUOTE-HEALTH] FRESH connection=OK quote_time=2026-09-11 11:23:46 age=4.8s last_rpc_success=2026-09-11 11:23:50 last_confirmed_fresh=2026-09-11 11:23:50 reason=source quote within age limit action=LOG_ONLY
[11:23:51] [601869.SH] [MA-POS] price Y436.02 | MA5 Y426.23: ABOVE +2.30% | MA20 Y398.32: ABOVE +9.46%
[11:23:51] [601869.SH] [OPEN] [Y436.02] [REV-T needs +0.39% to Y437.74] [FWD-T needs -2.13% to Y426.72]
[11:23:51] [601869.SH] [STRENGTH SHADOW] WARMUP minutes=0 components=[0.0, 0.0, 0.0] S=0.000 base=Y428.00 base-trigger=Y437.74 candidate=NOT_READY execution=Y437.74 U0=0.0000 Ul=0.2907 U=0.0000 limit=- reason=WARMUP
[11:23:51] [601869.SH] [STANDBY] Y436.02 no trade direction
[11:28:49] [600584.SH] [STRENGTH SHADOW] WARMUP minutes=4 components=[0.0, 0.0, 0.0] S=0.000 base=Y66.50 base-trigger=Y67.12 candidate=NOT_READY execution=Y67.12 U0=0.0000 Ul=0.2574 U=0.0000 limit=- reason=INCOMPLETE_MINUTE
[11:28:49] [600584.SH] [STANDBY] Y65.92 no trade direction
[11:28:50] [600584.SH] [STRENGTH SHADOW] WARMUP minutes=1 components=[0.0, 0.0, 0.0] S=0.000 base=Y66.50 base-trigger=Y67.12 candidate=NOT_READY execution=Y67.12 U0=0.0000 Ul=0.2574 U=0.0000 limit=- reason=INCOMPLETE_MINUTE
[11:28:50] [600584.SH] [STANDBY] Y65.92 no trade direction
[11:28:52] [601869.SH] [STRENGTH SHADOW] WARMUP minutes=4 components=[0.0, 0.0, 0.0] S=0.000 base=Y428.00 base-trigger=Y437.74 candidate=NOT_READY execution=Y437.74 U0=0.0000 Ul=0.2907 U=0.0000 limit=- reason=INCOMPLETE_MINUTE
[11:28:52] [601869.SH] [STANDBY] Y436.48 no trade direction
[11:28:54] [601869.SH] [STRENGTH SHADOW] WARMUP minutes=4 components=[0.0, 0.0, 0.0] S=0.000 base=Y428.00 base-trigger=Y437.74 candidate=NOT_READY execution=Y437.74 U0=0.0000 Ul=0.2907 U=0.0000 limit=- reason=INCOMPLETE_MINUTE
[11:28:54] [601869.SH] [STANDBY] Y436.47 no trade direction
[11:29:16] [600584.SH] [QUOTE-HEALTH] FRESH connection=OK quote_time=2026-09-11 11:29:11 age=5.2s last_rpc_success=2026-09-11 11:29:16 last_confirmed_fresh=2026-09-11 11:29:16 reason=source quote within age limit action=LOG_ONLY
[11:29:17] [600584.SH] [QUOTE-HEALTH] FRESH connection=OK quote_time=2026-09-11 11:29:14 age=3.8s last_rpc_success=2026-09-11 11:29:17 last_confirmed_fresh=2026-09-11 11:29:17 reason=source quote within age limit action=LOG_ONLY
[11:29:20] [601869.SH] [QUOTE-HEALTH] FRESH connection=OK quote_time=2026-09-11 11:29:16 age=4.2s last_rpc_success=2026-09-11 11:29:20 last_confirmed_fresh=2026-09-11 11:29:20 reason=source quote within age limit action=LOG_ONLY
[11:29:22] [601869.SH] [QUOTE-HEALTH] FRESH connection=OK quote_time=2026-09-11 11:29:19 age=3.5s last_rpc_success=2026-09-11 11:29:22 last_confirmed_fresh=2026-09-11 11:29:22 reason=source quote within age limit action=LOG_ONLY
[11:30:01] [601869.SH] [QUOTE-HEALTH] NOT_APPLICABLE connection=OK quote_time=UNKNOWN age=UNKNOWN last_rpc_success=2026-09-11 11:30:01 last_confirmed_fresh=2026-09-11 11:29:55 reason=non-trading session action=LOG_ONLY
[11:30:01] [601869.SH] [STRENGTH SHADOW] NON_TRADING minutes=0; original reference, observation reset
[11:30:02] [600584.SH] [QUOTE-HEALTH] NOT_APPLICABLE connection=OK quote_time=UNKNOWN age=UNKNOWN last_rpc_success=2026-09-11 11:30:01 last_confirmed_fresh=2026-09-11 11:29:50 reason=non-trading session action=LOG_ONLY
[11:30:02] [600584.SH] [STRENGTH SHADOW] NON_TRADING minutes=0; original reference, observation reset
[11:30:05] [601869.SH] [QUOTE-HEALTH] NOT_APPLICABLE connection=OK quote_time=UNKNOWN age=UNKNOWN last_rpc_success=2026-09-11 11:30:05 last_confirmed_fresh=2026-09-11 11:29:53 reason=non-trading session action=LOG_ONLY
[11:30:05] [601869.SH] [STRENGTH SHADOW] NON_TRADING minutes=0; original reference, observation reset
[11:30:05] [600584.SH] [QUOTE-HEALTH] NOT_APPLICABLE connection=OK quote_time=UNKNOWN age=UNKNOWN last_rpc_success=2026-09-11 11:30:05 last_confirmed_fresh=2026-09-11 11:29:48 reason=non-trading session action=LOG_ONLY
[11:30:05] [600584.SH] [STRENGTH SHADOW] NON_TRADING minutes=0; original reference, observation reset
[11:33:50] [600584.SH] [LUNCH 11:33:50]
[11:33:53] [600584.SH] [LUNCH 11:33:53]
[11:33:53] [601869.SH] [LUNCH 11:33:53]
[11:34:00] [601869.SH] [LUNCH 11:34:00]
[11:35:03] [600584.SH] [QUOTE-HEALTH] NOT_APPLICABLE connection=OK quote_time=UNKNOWN age=UNKNOWN last_rpc_success=2026-09-11 11:35:03 last_confirmed_fresh=2026-09-11 11:29:50 reason=non-trading session action=LOG_ONLY
[11:35:03] [601869.SH] [QUOTE-HEALTH] NOT_APPLICABLE connection=OK quote_time=UNKNOWN age=UNKNOWN last_rpc_success=2026-09-11 11:35:03 last_confirmed_fresh=2026-09-11 11:29:55 reason=non-trading session action=LOG_ONLY
[11:35:06] [600584.SH] [QUOTE-HEALTH] NOT_APPLICABLE connection=OK quote_time=UNKNOWN age=UNKNOWN last_rpc_success=2026-09-11 11:35:05 last_confirmed_fresh=2026-09-11 11:29:48 reason=non-trading session action=LOG_ONLY
[11:35:07] [601869.SH] [QUOTE-HEALTH] NOT_APPLICABLE connection=OK quote_time=UNKNOWN age=UNKNOWN last_rpc_success=2026-09-11 11:35:06 last_confirmed_fresh=2026-09-11 11:29:53 reason=non-trading session action=LOG_ONLY
[11:38:51] [600584.SH] [LUNCH 11:38:51]
[11:38:55] [600584.SH] [LUNCH 11:38:55]
[11:38:56] [601869.SH] [LUNCH 11:38:56]
[11:39:01] [601869.SH] [LUNCH 11:39:01]
[11:40:04] [600584.SH] [QUOTE-HEALTH] NOT_APPLICABLE connection=OK quote_time=UNKNOWN age=UNKNOWN last_rpc_success=2026-09-11 11:40:04 last_confirmed_fresh=2026-09-11 11:29:50 reason=non-trading session action=LOG_ONLY
[11:40:04] [601869.SH] [QUOTE-HEALTH] NOT_APPLICABLE connection=OK quote_time=UNKNOWN age=UNKNOWN last_rpc_success=2026-09-11 11:40:04 last_confirmed_fresh=2026-09-11 11:29:55 reason=non-trading session action=LOG_ONLY
[11:40:07] [600584.SH] [QUOTE-HEALTH] NOT_APPLICABLE connection=OK quote_time=UNKNOWN age=UNKNOWN last_rpc_success=2026-09-11 11:40:07 last_confirmed_fresh=2026-09-11 11:29:48 reason=non-trading session action=LOG_ONLY
[11:40:09] [601869.SH] [QUOTE-HEALTH] NOT_APPLICABLE connection=OK quote_time=UNKNOWN age=UNKNOWN last_rpc_success=2026-09-11 11:40:09 last_confirmed_fresh=2026-09-11 11:29:53 reason=non-trading session action=LOG_ONLY
[11:43:56] [600584.SH] [LUNCH 11:43:56]
[11:43:56] [601869.SH] [LUNCH 11:43:56]
[11:44:00] [600584.SH] [LUNCH 11:44:00]
[11:44:11] [601869.SH] [LUNCH 11:44:11]
[11:45:09] [600584.SH] [QUOTE-HEALTH] NOT_APPLICABLE connection=OK quote_time=UNKNOWN age=UNKNOWN last_rpc_success=2026-09-11 11:45:09 last_confirmed_fresh=2026-09-11 11:29:48 reason=non-trading session action=LOG_ONLY
[11:45:10] [601869.SH] [QUOTE-HEALTH] NOT_APPLICABLE connection=OK quote_time=UNKNOWN age=UNKNOWN last_rpc_success=2026-09-11 11:45:10 last_confirmed_fresh=2026-09-11 11:29:53 reason=non-trading session action=LOG_ONLY
[11:45:13] [600584.SH] [QUOTE-HEALTH] NOT_APPLICABLE connection=OK quote_time=UNKNOWN age=UNKNOWN last_rpc_success=2026-09-11 11:45:13 last_confirmed_fresh=2026-09-11 11:29:50 reason=non-trading session action=LOG_ONLY
[11:45:14] [601869.SH] [QUOTE-HEALTH] NOT_APPLICABLE connection=OK quote_time=UNKNOWN age=UNKNOWN last_rpc_success=2026-09-11 11:45:14 last_confirmed_fresh=2026-09-11 11:29:55 reason=non-trading session action=LOG_ONLY
[11:48:57] [600584.SH] [LUNCH 11:48:57]
[11:48:59] [601869.SH] [LUNCH 11:48:59]
[11:49:01] [600584.SH] [LUNCH 11:49:01]
[11:49:12] [601869.SH] [LUNCH 11:49:12]
[11:50:11] [600584.SH] [QUOTE-HEALTH] NOT_APPLICABLE connection=OK quote_time=UNKNOWN age=UNKNOWN last_rpc_success=2026-09-11 11:50:11 last_confirmed_fresh=2026-09-11 11:29:48 reason=non-trading session action=LOG_ONLY
[11:50:12] [601869.SH] [QUOTE-HEALTH] NOT_APPLICABLE connection=OK quote_time=UNKNOWN age=UNKNOWN last_rpc_success=2026-09-11 11:50:12 last_confirmed_fresh=2026-09-11 11:29:53 reason=non-trading session action=LOG_ONLY
[11:50:14] [600584.SH] [QUOTE-HEALTH] NOT_APPLICABLE connection=OK quote_time=UNKNOWN age=UNKNOWN last_rpc_success=2026-09-11 11:50:14 last_confirmed_fresh=2026-09-11 11:29:50 reason=non-trading session action=LOG_ONLY
[11:50:15] [601869.SH] [QUOTE-HEALTH] NOT_APPLICABLE connection=OK quote_time=UNKNOWN age=UNKNOWN last_rpc_success=2026-09-11 11:50:15 last_confirmed_fresh=2026-09-11 11:29:55 reason=non-trading session action=LOG_ONLY
[11:54:02] [600584.SH] [LUNCH 11:54:02]
[11:54:02] [601869.SH] [LUNCH 11:54:02]
[11:54:06] [600584.SH] [LUNCH 11:54:06]
[11:54:17] [601869.SH] [LUNCH 11:54:17]
[11:55:15] [600584.SH] [QUOTE-HEALTH] NOT_APPLICABLE connection=OK quote_time=UNKNOWN age=UNKNOWN last_rpc_success=2026-09-11 11:55:15 last_confirmed_fresh=2026-09-11 11:29:48 reason=non-trading session action=LOG_ONLY
[11:55:16] [601869.SH] [QUOTE-HEALTH] NOT_APPLICABLE connection=OK quote_time=UNKNOWN age=UNKNOWN last_rpc_success=2026-09-11 11:55:16 last_confirmed_fresh=2026-09-11 11:29:53 reason=non-trading session action=LOG_ONLY
[11:55:24] [600584.SH] [QUOTE-HEALTH] NOT_APPLICABLE connection=OK quote_time=UNKNOWN age=UNKNOWN last_rpc_success=2026-09-11 11:55:23 last_confirmed_fresh=2026-09-11 11:29:50 reason=non-trading session action=LOG_ONLY
[11:55:24] [601869.SH] [QUOTE-HEALTH] NOT_APPLICABLE connection=OK quote_time=UNKNOWN age=UNKNOWN last_rpc_success=2026-09-11 11:55:24 last_confirmed_fresh=2026-09-11 11:29:55 reason=non-trading session action=LOG_ONLY
[11:59:07] [600584.SH] [LUNCH 11:59:07]
[11:59:07] [601869.SH] [LUNCH 11:59:07]
[11:59:12] [600584.SH] [LUNCH 11:59:12]
[11:59:18] [601869.SH] [LUNCH 11:59:18]
[12:00:20] [600584.SH] [QUOTE-HEALTH] NOT_APPLICABLE connection=OK quote_time=UNKNOWN age=UNKNOWN last_rpc_success=2026-09-11 12:00:20 last_confirmed_fresh=2026-09-11 11:29:48 reason=non-trading session action=LOG_ONLY
[12:00:21] [601869.SH] [QUOTE-HEALTH] NOT_APPLICABLE connection=OK quote_time=UNKNOWN age=UNKNOWN last_rpc_success=2026-09-11 12:00:20 last_confirmed_fresh=2026-09-11 11:29:53 reason=non-trading session action=LOG_ONLY
[12:00:24] [600584.SH] [QUOTE-HEALTH] NOT_APPLICABLE connection=OK quote_time=UNKNOWN age=UNKNOWN last_rpc_success=2026-09-11 12:00:24 last_confirmed_fresh=2026-09-11 11:29:50 reason=non-trading session action=LOG_ONLY
[12:00:31] [601869.SH] [QUOTE-HEALTH] NOT_APPLICABLE connection=OK quote_time=UNKNOWN age=UNKNOWN last_rpc_success=2026-09-11 12:00:31 last_confirmed_fresh=2026-09-11 11:29:55 reason=non-trading session action=LOG_ONLY
[12:04:08] [600584.SH] [LUNCH 12:04:08]
[12:04:11] [601869.SH] [LUNCH 12:04:11]
[12:04:13] [600584.SH] [LUNCH 12:04:13]
[12:04:21] [601869.SH] [LUNCH 12:04:21]
[12:05:22] [600584.SH] [QUOTE-HEALTH] NOT_APPLICABLE connection=OK quote_time=UNKNOWN age=UNKNOWN last_rpc_success=2026-09-11 12:05:21 last_confirmed_fresh=2026-09-11 11:29:48 reason=non-trading session action=LOG_ONLY
[12:05:24] [601869.SH] [QUOTE-HEALTH] NOT_APPLICABLE connection=OK quote_time=UNKNOWN age=UNKNOWN last_rpc_success=2026-09-11 12:05:24 last_confirmed_fresh=2026-09-11 11:29:53 reason=non-trading session action=LOG_ONLY
[12:05:27] [600584.SH] [QUOTE-HEALTH] NOT_APPLICABLE connection=OK quote_time=UNKNOWN age=UNKNOWN last_rpc_success=2026-09-11 12:05:27 last_confirmed_fresh=2026-09-11 11:29:50 reason=non-trading session action=LOG_ONLY
[12:05:35] [601869.SH] [QUOTE-HEALTH] NOT_APPLICABLE connection=OK quote_time=UNKNOWN age=UNKNOWN last_rpc_success=2026-09-11 12:05:35 last_confirmed_fresh=2026-09-11 11:29:55 reason=non-trading session action=LOG_ONLY
[12:09:12] [600584.SH] [LUNCH 12:09:12]
[12:09:12] [601869.SH] [LUNCH 12:09:12]
[12:09:17] [600584.SH] [LUNCH 12:09:17]
[12:09:27] [601869.SH] [LUNCH 12:09:27]
[12:10:26] [600584.SH] [QUOTE-HEALTH] NOT_APPLICABLE connection=OK quote_time=UNKNOWN age=UNKNOWN last_rpc_success=2026-09-11 12:10:26 last_confirmed_fresh=2026-09-11 11:29:48 reason=non-trading session action=LOG_ONLY
[12:10:27] [601869.SH] [QUOTE-HEALTH] NOT_APPLICABLE connection=OK quote_time=UNKNOWN age=UNKNOWN last_rpc_success=2026-09-11 12:10:27 last_confirmed_fresh=2026-09-11 11:29:53 reason=non-trading session action=LOG_ONLY
[12:10:30] [600584.SH] [QUOTE-HEALTH] NOT_APPLICABLE connection=OK quote_time=UNKNOWN age=UNKNOWN last_rpc_success=2026-09-11 12:10:30 last_confirmed_fresh=2026-09-11 11:29:50 reason=non-trading session action=LOG_ONLY
[12:10:40] [601869.SH] [QUOTE-HEALTH] NOT_APPLICABLE connection=OK quote_time=UNKNOWN age=UNKNOWN last_rpc_success=2026-09-11 12:10:40 last_confirmed_fresh=2026-09-11 11:29:55 reason=non-trading session action=LOG_ONLY
[12:14:14] [600584.SH] [LUNCH 12:14:14]
[12:14:14] [601869.SH] [LUNCH 12:14:14]
[12:14:26] [600584.SH] [LUNCH 12:14:26]
[12:14:28] [601869.SH] [LUNCH 12:14:28]
[12:15:27] [600584.SH] [QUOTE-HEALTH] NOT_APPLICABLE connection=OK quote_time=UNKNOWN age=UNKNOWN last_rpc_success=2026-09-11 12:15:27 last_confirmed_fresh=2026-09-11 11:29:48 reason=non-trading session action=LOG_ONLY
[12:15:28] [601869.SH] [QUOTE-HEALTH] NOT_APPLICABLE connection=OK quote_time=UNKNOWN age=UNKNOWN last_rpc_success=2026-09-11 12:15:27 last_confirmed_fresh=2026-09-11 11:29:53 reason=non-trading session action=LOG_ONLY
[12:15:40] [600584.SH] [QUOTE-HEALTH] NOT_APPLICABLE connection=OK quote_time=UNKNOWN age=UNKNOWN last_rpc_success=2026-09-11 12:15:39 last_confirmed_fresh=2026-09-11 11:29:50 reason=non-trading session action=LOG_ONLY
[12:15:41] [601869.SH] [QUOTE-HEALTH] NOT_APPLICABLE connection=OK quote_time=UNKNOWN age=UNKNOWN last_rpc_success=2026-09-11 12:15:41 last_confirmed_fresh=2026-09-11 11:29:55 reason=non-trading session action=LOG_ONLY
[12:19:14] [601869.SH] [LUNCH 12:19:14]
[12:19:23] [600584.SH] [LUNCH 12:19:23]
[12:19:27] [600584.SH] [LUNCH 12:19:27]
[12:19:30] [601869.SH] [LUNCH 12:19:30]
[12:20:36] [600584.SH] [QUOTE-HEALTH] NOT_APPLICABLE connection=OK quote_time=UNKNOWN age=UNKNOWN last_rpc_success=2026-09-11 12:20:36 last_confirmed_fresh=2026-09-11 11:29:48 reason=non-trading session action=LOG_ONLY
[12:20:37] [601869.SH] [QUOTE-HEALTH] NOT_APPLICABLE connection=OK quote_time=UNKNOWN age=UNKNOWN last_rpc_success=2026-09-11 12:20:37 last_confirmed_fresh=2026-09-11 11:29:53 reason=non-trading session action=LOG_ONLY
[12:20:40] [600584.SH] [QUOTE-HEALTH] NOT_APPLICABLE connection=OK quote_time=UNKNOWN age=UNKNOWN last_rpc_success=2026-09-11 12:20:39 last_confirmed_fresh=2026-09-11 11:29:50 reason=non-trading session action=LOG_ONLY
[12:20:42] [601869.SH] [QUOTE-HEALTH] NOT_APPLICABLE connection=OK quote_time=UNKNOWN age=UNKNOWN last_rpc_success=2026-09-11 12:20:42 last_confirmed_fresh=2026-09-11 11:29:55 reason=non-trading session action=LOG_ONLY
[12:24:22] [601869.SH] [LUNCH 12:24:22]
[12:24:32] [600584.SH] [LUNCH 12:24:32]
[12:24:37] [600584.SH] [LUNCH 12:24:37]
[12:24:39] [601869.SH] [LUNCH 12:24:39]
[12:25:43] [601869.SH] [QUOTE-HEALTH] NOT_APPLICABLE connection=OK quote_time=UNKNOWN age=UNKNOWN last_rpc_success=2026-09-11 12:25:43 last_confirmed_fresh=2026-09-11 11:29:55 reason=non-trading session action=LOG_ONLY
[12:25:45] [600584.SH] [QUOTE-HEALTH] NOT_APPLICABLE connection=OK quote_time=UNKNOWN age=UNKNOWN last_rpc_success=2026-09-11 12:25:45 last_confirmed_fresh=2026-09-11 11:29:48 reason=non-trading session action=LOG_ONLY
[12:25:45] [601869.SH] [QUOTE-HEALTH] NOT_APPLICABLE connection=OK quote_time=UNKNOWN age=UNKNOWN last_rpc_success=2026-09-11 12:25:45 last_confirmed_fresh=2026-09-11 11:29:53 reason=non-trading session action=LOG_ONLY
[12:25:49] [600584.SH] [QUOTE-HEALTH] NOT_APPLICABLE connection=OK quote_time=UNKNOWN age=UNKNOWN last_rpc_success=2026-09-11 12:25:49 last_confirmed_fresh=2026-09-11 11:29:50 reason=non-trading session action=LOG_ONLY
[12:29:23] [601869.SH] [LUNCH 12:29:23]
[12:29:37] [600584.SH] [LUNCH 12:29:37]
[12:29:41] [601869.SH] [LUNCH 12:29:41]
[12:29:42] [600584.SH] [LUNCH 12:29:42]
[12:30:48] [601869.SH] [QUOTE-HEALTH] NOT_APPLICABLE connection=OK quote_time=UNKNOWN age=UNKNOWN last_rpc_success=2026-09-11 12:30:47 last_confirmed_fresh=2026-09-11 11:29:53 reason=non-trading session action=LOG_ONLY
[12:30:53] [601869.SH] [QUOTE-HEALTH] NOT_APPLICABLE connection=OK quote_time=UNKNOWN age=UNKNOWN last_rpc_success=2026-09-11 12:30:53 last_confirmed_fresh=2026-09-11 11:29:55 reason=non-trading session action=LOG_ONLY
[12:30:55] [600584.SH] [QUOTE-HEALTH] NOT_APPLICABLE connection=OK quote_time=UNKNOWN age=UNKNOWN last_rpc_success=2026-09-11 12:30:55 last_confirmed_fresh=2026-09-11 11:29:48 reason=non-trading session action=LOG_ONLY
[12:31:00] [600584.SH] [QUOTE-HEALTH] NOT_APPLICABLE connection=OK quote_time=UNKNOWN age=UNKNOWN last_rpc_success=2026-09-11 12:31:00 last_confirmed_fresh=2026-09-11 11:29:50 reason=non-trading session action=LOG_ONLY
[12:34:24] [601869.SH] [LUNCH 12:34:24]
[12:34:41] [601869.SH] [LUNCH 12:34:41]
[12:34:42] [600584.SH] [LUNCH 12:34:42]
[12:34:46] [600584.SH] [LUNCH 12:34:46]
[12:35:56] [600584.SH] [QUOTE-HEALTH] NOT_APPLICABLE connection=OK quote_time=UNKNOWN age=UNKNOWN last_rpc_success=2026-09-11 12:35:55 last_confirmed_fresh=2026-09-11 11:29:48 reason=non-trading session action=LOG_ONLY
[12:35:57] [601869.SH] [QUOTE-HEALTH] NOT_APPLICABLE connection=OK quote_time=UNKNOWN age=UNKNOWN last_rpc_success=2026-09-11 12:35:57 last_confirmed_fresh=2026-09-11 11:29:53 reason=non-trading session action=LOG_ONLY
[12:36:03] [601869.SH] [QUOTE-HEALTH] NOT_APPLICABLE connection=OK quote_time=UNKNOWN age=UNKNOWN last_rpc_success=2026-09-11 12:36:03 last_confirmed_fresh=2026-09-11 11:29:55 reason=non-trading session action=LOG_ONLY
[12:36:09] [600584.SH] [QUOTE-HEALTH] NOT_APPLICABLE connection=OK quote_time=UNKNOWN age=UNKNOWN last_rpc_success=2026-09-11 12:36:09 last_confirmed_fresh=2026-09-11 11:29:50 reason=non-trading session action=LOG_ONLY
[12:39:32] [601869.SH] [LUNCH 12:39:32]
[12:39:50] [601869.SH] [LUNCH 12:39:50]
[12:39:52] [600584.SH] [LUNCH 12:39:52]
[12:39:56] [600584.SH] [LUNCH 12:39:56]
[12:41:04] [600584.SH] [QUOTE-HEALTH] NOT_APPLICABLE connection=OK quote_time=UNKNOWN age=UNKNOWN last_rpc_success=2026-09-11 12:41:04 last_confirmed_fresh=2026-09-11 11:29:48 reason=non-trading session action=LOG_ONLY
[12:41:07] [601869.SH] [QUOTE-HEALTH] NOT_APPLICABLE connection=OK quote_time=UNKNOWN age=UNKNOWN last_rpc_success=2026-09-11 12:41:06 last_confirmed_fresh=2026-09-11 11:29:53 reason=non-trading session action=LOG_ONLY
[12:41:12] [601869.SH] [QUOTE-HEALTH] NOT_APPLICABLE connection=OK quote_time=UNKNOWN age=UNKNOWN last_rpc_success=2026-09-11 12:41:12 last_confirmed_fresh=2026-09-11 11:29:55 reason=non-trading session action=LOG_ONLY
[12:41:20] [600584.SH] [QUOTE-HEALTH] NOT_APPLICABLE connection=OK quote_time=UNKNOWN age=UNKNOWN last_rpc_success=2026-09-11 12:41:19 last_confirmed_fresh=2026-09-11 11:29:50 reason=non-trading session action=LOG_ONLY
[12:44:33] [601869.SH] [LUNCH 12:44:33]
[12:44:52] [600584.SH] [LUNCH 12:44:52]
[12:44:57] [600584.SH] [LUNCH 12:44:57]
[12:45:00] [601869.SH] [LUNCH 12:45:00]
[12:46:05] [600584.SH] [QUOTE-HEALTH] NOT_APPLICABLE connection=OK quote_time=UNKNOWN age=UNKNOWN last_rpc_success=2026-09-11 12:46:05 last_confirmed_fresh=2026-09-11 11:29:48 reason=non-trading session action=LOG_ONLY
[12:46:06] [601869.SH] [QUOTE-HEALTH] NOT_APPLICABLE connection=OK quote_time=UNKNOWN age=UNKNOWN last_rpc_success=2026-09-11 12:46:06 last_confirmed_fresh=2026-09-11 11:29:53 reason=non-trading session action=LOG_ONLY
[12:46:20] [600584.SH] [QUOTE-HEALTH] NOT_APPLICABLE connection=OK quote_time=UNKNOWN age=UNKNOWN last_rpc_success=2026-09-11 12:46:20 last_confirmed_fresh=2026-09-11 11:29:50 reason=non-trading session action=LOG_ONLY
[12:46:22] [601869.SH] [QUOTE-HEALTH] NOT_APPLICABLE connection=OK quote_time=UNKNOWN age=UNKNOWN last_rpc_success=2026-09-11 12:46:21 last_confirmed_fresh=2026-09-11 11:29:55 reason=non-trading session action=LOG_ONLY
[12:49:33] [601869.SH] [LUNCH 12:49:33]
[12:49:53] [600584.SH] [LUNCH 12:49:53]
[12:49:58] [600584.SH] [LUNCH 12:49:58]
[12:50:10] [601869.SH] [LUNCH 12:50:10]
[12:51:16] [600584.SH] [QUOTE-HEALTH] NOT_APPLICABLE connection=OK quote_time=UNKNOWN age=UNKNOWN last_rpc_success=2026-09-11 12:51:16 last_confirmed_fresh=2026-09-11 11:29:48 reason=non-trading session action=LOG_ONLY
[12:51:17] [601869.SH] [QUOTE-HEALTH] NOT_APPLICABLE connection=OK quote_time=UNKNOWN age=UNKNOWN last_rpc_success=2026-09-11 12:51:16 last_confirmed_fresh=2026-09-11 11:29:53 reason=non-trading session action=LOG_ONLY
[12:51:22] [601869.SH] [QUOTE-HEALTH] NOT_APPLICABLE connection=OK quote_time=UNKNOWN age=UNKNOWN last_rpc_success=2026-09-11 12:51:22 last_confirmed_fresh=2026-09-11 11:29:55 reason=non-trading session action=LOG_ONLY
[12:51:30] [600584.SH] [QUOTE-HEALTH] NOT_APPLICABLE connection=OK quote_time=UNKNOWN age=UNKNOWN last_rpc_success=2026-09-11 12:51:30 last_confirmed_fresh=2026-09-11 11:29:50 reason=non-trading session action=LOG_ONLY
[12:54:34] [601869.SH] [LUNCH 12:54:34]
[12:55:03] [600584.SH] [LUNCH 12:55:03]
[12:55:08] [600584.SH] [LUNCH 12:55:08]
[12:55:10] [601869.SH] [LUNCH 12:55:10]
[12:56:18] [601869.SH] [QUOTE-HEALTH] NOT_APPLICABLE connection=OK quote_time=UNKNOWN age=UNKNOWN last_rpc_success=2026-09-11 12:56:17 last_confirmed_fresh=2026-09-11 11:29:53 reason=non-trading session action=LOG_ONLY
[12:56:23] [601869.SH] [QUOTE-HEALTH] NOT_APPLICABLE connection=OK quote_time=UNKNOWN age=UNKNOWN last_rpc_success=2026-09-11 12:56:22 last_confirmed_fresh=2026-09-11 11:29:55 reason=non-trading session action=LOG_ONLY
[12:56:26] [600584.SH] [QUOTE-HEALTH] NOT_APPLICABLE connection=OK quote_time=UNKNOWN age=UNKNOWN last_rpc_success=2026-09-11 12:56:26 last_confirmed_fresh=2026-09-11 11:29:48 reason=non-trading session action=LOG_ONLY
[12:56:31] [600584.SH] [QUOTE-HEALTH] NOT_APPLICABLE connection=OK quote_time=UNKNOWN age=UNKNOWN last_rpc_success=2026-09-11 12:56:30 last_confirmed_fresh=2026-09-11 11:29:50 reason=non-trading session action=LOG_ONLY
[12:59:44] [601869.SH] [LUNCH 12:59:44]
[13:00:03] [600584.SH] [QUOTE-HEALTH] STALE connection=OK quote_time=2026-09-11 11:30:02 age=5401.2s last_rpc_success=2026-09-11 13:00:03 last_confirmed_fresh=2026-09-11 11:29:48 reason=source quote old; not necessarily network failure action=LOG_ONLY
[13:00:03] [600584.SH] [MA-POS] price Y65.90 | MA5 Y68.05: BELOW -3.16% | MA20 Y73.96: BELOW -10.90%
[13:00:03] [600584.SH] [MA20 RISK] price Y65.90 is below 97% of MA20 (risk line Y71.74)
[13:00:03] [600584.SH] [STRENGTH SHADOW] WARMUP minutes=0 components=[0.0, 0.0, 0.0] S=0.000 base=Y66.50 base-trigger=Y67.12 candidate=NOT_READY execution=Y67.12 U0=0.0000 Ul=0.2574 U=0.0000 limit=- reason=WARMUP
[13:00:03] [600584.SH] [STANDBY] Y65.90 no trade direction
[13:00:05] [601869.SH] [QUOTE-HEALTH] FRESH connection=OK quote_time=2026-09-11 13:00:01 age=4.1s last_rpc_success=2026-09-11 13:00:05 last_confirmed_fresh=2026-09-11 13:00:05 reason=source quote within age limit action=LOG_ONLY
[13:00:05] [601869.SH] [MA-POS] price Y437.06 | MA5 Y426.44: ABOVE +2.49% | MA20 Y398.38: ABOVE +9.71%
[13:00:05] [601869.SH] [STRENGTH SHADOW] WARMUP minutes=0 components=[0.0, 0.0, 0.0] S=0.000 base=Y428.00 base-trigger=Y437.74 candidate=NOT_READY execution=Y437.74 U0=0.0000 Ul=0.2907 U=0.0000 limit=- reason=WARMUP
[13:00:07] [600584.SH] [QUOTE-HEALTH] FRESH connection=OK quote_time=2026-09-11 13:00:05 age=2.2s last_rpc_success=2026-09-11 13:00:07 last_confirmed_fresh=2026-09-11 13:00:07 reason=source quote within age limit action=LOG_ONLY
[13:00:08] [600584.SH] [MA-POS] price Y65.90 | MA5 Y68.05: BELOW -3.16% | MA20 Y73.96: BELOW -10.90%
[13:00:08] [600584.SH] [MA20 RISK] price Y65.90 is below 97% of MA20 (risk line Y71.74)
[13:00:08] [600584.SH] [STRENGTH SHADOW] WARMUP minutes=0 components=[0.0, 0.0, 0.0] S=0.000 base=Y66.50 base-trigger=Y67.12 candidate=NOT_READY execution=Y67.12 U0=0.0000 Ul=0.2574 U=0.0000 limit=- reason=WARMUP
[13:00:10] [601869.SH] [QUOTE-HEALTH] FRESH connection=OK quote_time=2026-09-11 13:00:07 age=3.0s last_rpc_success=2026-09-11 13:00:09 last_confirmed_fresh=2026-09-11 13:00:09 reason=source quote within age limit action=LOG_ONLY
[13:00:10] [601869.SH] [MA-POS] price Y437.30 | MA5 Y426.49: ABOVE +2.54% | MA20 Y398.39: ABOVE +9.77%
[13:00:10] [601869.SH] [STRENGTH SHADOW] WARMUP minutes=0 components=[0.0, 0.0, 0.0] S=0.000 base=Y428.00 base-trigger=Y437.74 candidate=NOT_READY execution=Y437.74 U0=0.0000 Ul=0.2907 U=0.0000 limit=- reason=WARMUP
[13:00:13] [600584.SH] [STANDBY] Y66.04 no trade direction
[13:00:15] [601869.SH] [STANDBY] Y438.53 no trade direction
[13:00:35] [600584.SH] [QUOTE-RECOVERED] FRESH connection=OK quote_time=2026-09-11 13:00:32 age=3.7s last_rpc_success=2026-09-11 13:00:35 last_confirmed_fresh=2026-09-11 13:00:35 reason=source quote within age limit action=LOG_ONLY
[13:04:45] [601869.SH] [STANDBY] Y440.34 no trade direction
[13:05:05] [600584.SH] [STRENGTH SHADOW] WARMUP minutes=5 components=[0.0, 0.0, 0.0] S=0.000 base=Y66.50 base-trigger=Y67.12 candidate=NOT_READY execution=Y67.12 U0=0.0000 Ul=0.2574 U=0.0000 limit=- reason=WARMUP
[13:05:05] [600584.SH] [STANDBY] Y66.30 no trade direction
[13:05:07] [601869.SH] [STRENGTH SHADOW] WARMUP minutes=4 components=[0.0, 0.0, 0.0] S=0.000 base=Y428.00 base-trigger=Y437.74 candidate=NOT_READY execution=Y437.74 U0=0.0000 Ul=0.2907 U=0.0000 limit=- reason=INCOMPLETE_MINUTE
[13:05:09] [600584.SH] [STRENGTH SHADOW] WARMUP minutes=4 components=[0.0, 0.0, 0.0] S=0.000 base=Y66.50 base-trigger=Y67.12 candidate=NOT_READY execution=Y67.12 U0=0.0000 Ul=0.2574 U=0.0000 limit=- reason=INCOMPLETE_MINUTE
[13:05:12] [601869.SH] [STRENGTH SHADOW] WARMUP minutes=3 components=[0.0, 0.0, 0.0] S=0.000 base=Y428.00 base-trigger=Y437.74 candidate=NOT_READY execution=Y437.74 U0=0.0000 Ul=0.2907 U=0.0000 limit=- reason=INCOMPLETE_MINUTE
[13:05:14] [600584.SH] [STANDBY] Y66.26 no trade direction
[13:05:17] [601869.SH] [STANDBY] Y438.49 no trade direction
[13:05:35] [601869.SH] [QUOTE-HEALTH] FRESH connection=OK quote_time=2026-09-11 13:05:31 age=3.8s last_rpc_success=2026-09-11 13:05:34 last_confirmed_fresh=2026-09-11 13:05:34 reason=source quote within age limit action=LOG_ONLY
[13:05:36] [600584.SH] [QUOTE-HEALTH] FRESH connection=OK quote_time=2026-09-11 13:05:32 age=4.6s last_rpc_success=2026-09-11 13:05:36 last_confirmed_fresh=2026-09-11 13:05:36 reason=source quote within age limit action=LOG_ONLY
[13:05:40] [601869.SH] [QUOTE-HEALTH] FRESH connection=OK quote_time=2026-09-11 13:05:37 age=3.8s last_rpc_success=2026-09-11 13:05:40 last_confirmed_fresh=2026-09-11 13:05:40 reason=source quote within age limit action=LOG_ONLY
[13:06:06] [600584.SH] [QUOTE-HEALTH] FRESH connection=OK quote_time=2026-09-11 13:06:02 age=4.6s last_rpc_success=2026-09-11 13:06:06 last_confirmed_fresh=2026-09-11 13:06:06 reason=source quote within age limit action=LOG_ONLY
[13:09:48] [601869.SH] [STANDBY] Y439.15 no trade direction
[13:10:07] [600584.SH] [MA-POS] price Y66.28 | MA5 Y68.13: BELOW -2.71% | MA20 Y73.98: BELOW -10.41%
[13:10:07] [600584.SH] [MA20 RISK] price Y66.28 is below 97% of MA20 (risk line Y71.76)
[13:10:07] [600584.SH] [STRENGTH SHADOW] WARMUP minutes=4 components=[0.0, 0.0, 0.0] S=0.000 base=Y66.50 base-trigger=Y67.12 candidate=NOT_READY execution=Y67.12 U0=0.0000 Ul=0.2574 U=0.0000 limit=- reason=INCOMPLETE_MINUTE
[13:10:07] [600584.SH] [STANDBY] Y66.28 no trade direction
[13:10:08] [600584.SH] [MA-POS] price Y66.28 | MA5 Y68.13: BELOW -2.71% | MA20 Y73.98: BELOW -10.41%
[13:10:08] [600584.SH] [MA20 RISK] price Y66.28 is below 97% of MA20 (risk line Y71.76)
[13:10:11] [601869.SH] [MA-POS] price Y439.12 | MA5 Y426.85: ABOVE +2.87% | MA20 Y398.48: ABOVE +10.20%
[13:10:11] [601869.SH] [STRENGTH SHADOW] WARMUP minutes=9 components=[0.0, 0.0, 0.0] S=0.000 base=Y428.00 base-trigger=Y437.74 candidate=NOT_READY execution=Y437.74 U0=0.0000 Ul=0.2907 U=0.0000 limit=- reason=INCOMPLETE_MINUTE
[13:10:11] [601869.SH] [MA-POS] price Y439.12 | MA5 Y426.85: ABOVE +2.87% | MA20 Y398.48: ABOVE +10.20%
[13:10:13] [600584.SH] [STRENGTH SHADOW] WARMUP minutes=0 components=[0.0, 0.0, 0.0] S=0.000 base=Y66.50 base-trigger=Y67.12 candidate=NOT_READY execution=Y67.12 U0=0.0000 Ul=0.2574 U=0.0000 limit=- reason=INCOMPLETE_MINUTE
[13:10:17] [601869.SH] [STRENGTH SHADOW] WARMUP minutes=4 components=[0.0, 0.0, 0.0] S=0.000 base=Y428.00 base-trigger=Y437.74 candidate=NOT_READY execution=Y437.74 U0=0.0000 Ul=0.2907 U=0.0000 limit=- reason=INCOMPLETE_MINUTE
[13:10:19] [600584.SH] [STANDBY] Y66.28 no trade direction
[13:10:22] [601869.SH] [STANDBY] Y438.50 no trade direction
[13:10:40] [600584.SH] [QUOTE-HEALTH] FRESH connection=OK quote_time=2026-09-11 13:10:38 age=2.6s last_rpc_success=2026-09-11 13:10:40 last_confirmed_fresh=2026-09-11 13:10:40 reason=source quote within age limit action=LOG_ONLY
[13:10:43] [601869.SH] [QUOTE-HEALTH] FRESH connection=OK quote_time=2026-09-11 13:10:40 age=3.4s last_rpc_success=2026-09-11 13:10:43 last_confirmed_fresh=2026-09-11 13:10:43 reason=source quote within age limit action=LOG_ONLY
[13:10:44] [601869.SH] [QUOTE-HEALTH] FRESH connection=OK quote_time=2026-09-11 13:10:40 age=4.4s last_rpc_success=2026-09-11 13:10:44 last_confirmed_fresh=2026-09-11 13:10:44 reason=source quote within age limit action=LOG_ONLY
[13:11:34] [600584.SH] [QUOTE-HEALTH] FRESH connection=OK quote_time=2026-09-11 13:11:32 age=2.6s last_rpc_success=2026-09-11 13:11:34 last_confirmed_fresh=2026-09-11 13:11:34 reason=source quote within age limit action=LOG_ONLY
[13:14:53] [601869.SH] [STANDBY] Y435.33 no trade direction
[13:15:10] [600584.SH] [STRENGTH SHADOW] WARMUP minutes=9 components=[0.0, 0.0, 0.0] S=0.000 base=Y66.50 base-trigger=Y67.12 candidate=NOT_READY execution=Y67.12 U0=0.0000 Ul=0.2574 U=0.0000 limit=- reason=INCOMPLETE_MINUTE
[13:15:10] [600584.SH] [STANDBY] Y66.36 no trade direction
[13:15:11] [601869.SH] [STRENGTH SHADOW] WARMUP minutes=4 components=[0.0, 0.0, 0.0] S=0.000 base=Y428.00 base-trigger=Y437.74 candidate=NOT_READY execution=Y437.74 U0=0.0000 Ul=0.2907 U=0.0000 limit=- reason=INCOMPLETE_MINUTE
[13:15:17] [601869.SH] [STRENGTH SHADOW] WARMUP minutes=9 components=[0.0, 0.0, 0.0] S=0.000 base=Y428.00 base-trigger=Y437.74 candidate=NOT_READY execution=Y437.74 U0=0.0000 Ul=0.2907 U=0.0000 limit=- reason=INCOMPLETE_MINUTE
[13:15:17] [600584.SH] [STRENGTH SHADOW] WARMUP minutes=5 components=[0.0, 0.0, 0.0] S=0.000 base=Y66.50 base-trigger=Y67.12 candidate=NOT_READY execution=Y67.12 U0=0.0000 Ul=0.2574 U=0.0000 limit=- reason=INCOMPLETE_MINUTE
[13:15:22] [601869.SH] [STANDBY] Y437.14 no trade direction
[13:15:23] [600584.SH] [STANDBY] Y66.43 no trade direction
[13:15:44] [601869.SH] [QUOTE-HEALTH] FRESH connection=OK quote_time=2026-09-11 13:15:40 age=3.9s last_rpc_success=2026-09-11 13:15:43 last_confirmed_fresh=2026-09-11 13:15:43 reason=source quote within age limit action=LOG_ONLY
[13:15:45] [601869.SH] [QUOTE-HEALTH] FRESH connection=OK quote_time=2026-09-11 13:15:43 age=2.0s last_rpc_success=2026-09-11 13:15:45 last_confirmed_fresh=2026-09-11 13:15:45 reason=source quote within age limit action=LOG_ONLY
[13:16:14] [600584.SH] [QUOTE-HEALTH] FRESH connection=OK quote_time=2026-09-11 13:16:11 age=3.2s last_rpc_success=2026-09-11 13:16:14 last_confirmed_fresh=2026-09-11 13:16:14 reason=source quote within age limit action=LOG_ONLY
[13:17:05] [600584.SH] [QUOTE-HEALTH] FRESH connection=OK quote_time=2026-09-11 13:17:02 age=3.2s last_rpc_success=2026-09-11 13:17:05 last_confirmed_fresh=2026-09-11 13:17:05 reason=source quote within age limit action=LOG_ONLY
[13:19:57] [601869.SH] [STANDBY] Y439.20 no trade direction
[13:20:11] [600584.SH] [MA-POS] price Y66.60 | MA5 Y68.19: BELOW -2.33% | MA20 Y74.00: BELOW -10.00%
[13:20:11] [600584.SH] [MA20 RISK] price Y66.60 is below 97% of MA20 (risk line Y71.78)
[13:20:12] [600584.SH] [MA-POS] price Y66.60 | MA5 Y68.19: BELOW -2.33% | MA20 Y74.00: BELOW -10.00%
[13:20:12] [600584.SH] [MA20 RISK] price Y66.60 is below 97% of MA20 (risk line Y71.78)
[13:20:12] [600584.SH] [STRENGTH SHADOW] WARMUP minutes=2 components=[0.0, 0.0, 0.0] S=0.000 base=Y66.50 base-trigger=Y67.12 candidate=NOT_READY execution=Y67.12 U0=0.0000 Ul=0.2574 U=0.0000 limit=- reason=INCOMPLETE_MINUTE
[13:20:12] [600584.SH] [STANDBY] Y66.60 no trade direction
[13:20:14] [601869.SH] [MA-POS] price Y439.34 | MA5 Y426.89: ABOVE +2.92% | MA20 Y398.49: ABOVE +10.25%
[13:20:14] [601869.SH] [STRENGTH SHADOW] WARMUP minutes=4 components=[0.0, 0.0, 0.0] S=0.000 base=Y428.00 base-trigger=Y437.74 candidate=NOT_READY execution=Y437.74 U0=0.0000 Ul=0.2907 U=0.0000 limit=- reason=INCOMPLETE_MINUTE
[13:20:15] [601869.SH] [MA-POS] price Y439.27 | MA5 Y426.88: ABOVE +2.90% | MA20 Y398.49: ABOVE +10.23%
[13:20:20] [601869.SH] [STRENGTH SHADOW] WARMUP minutes=14 components=[1.0, 0.0, 0.018] S=1.000 base=Y428.00 base-trigger=Y437.74 candidate=NOT_READY execution=Y437.74 U0=0.0000 Ul=0.2907 U=0.0000 limit=- reason=INCOMPLETE_MINUTE
[13:20:22] [600584.SH] [STRENGTH SHADOW] WARMUP minutes=0 components=[0.0, 0.0, 0.0] S=0.000 base=Y66.50 base-trigger=Y67.12 candidate=NOT_READY execution=Y67.12 U0=0.0000 Ul=0.2574 U=0.0000 limit=- reason=INCOMPLETE_MINUTE
[13:20:25] [601869.SH] [STANDBY] Y439.00 no trade direction
[13:20:28] [600584.SH] [STANDBY] Y66.57 no trade direction
[13:21:05] [601869.SH] [STRENGTH SHADOW] TOUCHED minutes=15 components=[1.0, 0.0, 0.362] S=1.000 base=Y428.00 base-trigger=Y437.74 candidate=Y437.74 execution=Y437.74 U0=0.0000 Ul=0.2907 U=0.0000 limit=- reason=TOUCHED
[13:21:14] [601869.SH] [QUOTE-HEALTH] FRESH connection=OK quote_time=2026-09-11 13:21:10 age=4.5s last_rpc_success=2026-09-11 13:21:14 last_confirmed_fresh=2026-09-11 13:21:14 reason=source quote within age limit action=LOG_ONLY
[13:21:15] [601869.SH] [QUOTE-HEALTH] FRESH connection=OK quote_time=2026-09-11 13:21:13 age=2.6s last_rpc_success=2026-09-11 13:21:15 last_confirmed_fresh=2026-09-11 13:21:15 reason=source quote within age limit action=LOG_ONLY
[13:21:43] [600584.SH] [QUOTE-HEALTH] FRESH connection=OK quote_time=2026-09-11 13:21:41 age=2.4s last_rpc_success=2026-09-11 13:21:43 last_confirmed_fresh=2026-09-11 13:21:43 reason=source quote within age limit action=LOG_ONLY
[13:22:04] [601869.SH] [STRENGTH SHADOW] WARMUP minutes=0 components=[0.0, 0.0, 0.0] S=0.000 base=Y428.00 base-trigger=Y437.74 candidate=NOT_READY execution=Y437.74 U0=0.0000 Ul=0.2907 U=0.0000 limit=- reason=INCOMPLETE_MINUTE
[13:22:35] [600584.SH] [QUOTE-HEALTH] FRESH connection=OK quote_time=2026-09-11 13:22:32 age=3.1s last_rpc_success=2026-09-11 13:22:35 last_confirmed_fresh=2026-09-11 13:22:35 reason=source quote within age limit action=LOG_ONLY
[13:24:59] [601869.SH] [STANDBY] Y442.56 no trade direction
[13:25:15] [600584.SH] [STRENGTH SHADOW] WARMUP minutes=7 components=[0.0, 0.0, 0.0] S=0.000 base=Y66.50 base-trigger=Y67.12 candidate=NOT_READY execution=Y67.12 U0=0.0000 Ul=0.2574 U=0.0000 limit=- reason=INCOMPLETE_MINUTE
[13:25:15] [600584.SH] [STANDBY] Y66.74 no trade direction
[13:25:16] [601869.SH] [STRENGTH SHADOW] WARMUP minutes=0 components=[0.0, 0.0, 0.0] S=0.000 base=Y428.00 base-trigger=Y437.74 candidate=NOT_READY execution=Y437.74 U0=0.0000 Ul=0.2907 U=0.0000 limit=- reason=INCOMPLETE_MINUTE
[13:25:22] [600584.SH] [STRENGTH SHADOW] WARMUP minutes=1 components=[0.0, 0.0, 0.0] S=0.000 base=Y66.50 base-trigger=Y67.12 candidate=NOT_READY execution=Y67.12 U0=0.0000 Ul=0.2574 U=0.0000 limit=- reason=INCOMPLETE_MINUTE
[13:25:28] [600584.SH] [STANDBY] Y66.76 no trade direction
[13:25:30] [601869.SH] [STANDBY] Y442.99 no trade direction
[13:26:45] [601869.SH] [QUOTE-HEALTH] FRESH connection=OK quote_time=2026-09-11 13:26:43 age=2.0s last_rpc_success=2026-09-11 13:26:45 last_confirmed_fresh=2026-09-11 13:26:45 reason=source quote within age limit action=LOG_ONLY
[13:26:47] [601869.SH] [QUOTE-HEALTH] FRESH connection=OK quote_time=2026-09-11 13:26:43 age=4.7s last_rpc_success=2026-09-11 13:26:47 last_confirmed_fresh=2026-09-11 13:26:47 reason=source quote within age limit action=LOG_ONLY
[13:27:09] [601869.SH] [STRENGTH SHADOW] WARMUP minutes=5 components=[0.0, 0.0, 0.0] S=0.000 base=Y428.00 base-trigger=Y437.74 candidate=NOT_READY execution=Y437.74 U0=0.0000 Ul=0.2907 U=0.0000 limit=- reason=INCOMPLETE_MINUTE
[13:27:13] [600584.SH] [QUOTE-HEALTH] FRESH connection=OK quote_time=2026-09-11 13:27:11 age=2.6s last_rpc_success=2026-09-11 13:27:13 last_confirmed_fresh=2026-09-11 13:27:13 reason=source quote within age limit action=LOG_ONLY
[13:28:07] [600584.SH] [QUOTE-HEALTH] FRESH connection=OK quote_time=2026-09-11 13:28:05 age=2.3s last_rpc_success=2026-09-11 13:28:07 last_confirmed_fresh=2026-09-11 13:28:07 reason=source quote within age limit action=LOG_ONLY
[13:30:05] [601869.SH] [STANDBY] Y440.46 no trade direction
[13:30:12] [600584.SH] [MA-POS] price Y66.68 | MA5 Y68.21: BELOW -2.24% | MA20 Y74.00: BELOW -9.89%
[13:30:12] [600584.SH] [MA20 RISK] price Y66.68 is below 97% of MA20 (risk line Y71.78)
[13:30:13] [600584.SH] [MA-POS] price Y66.68 | MA5 Y68.21: BELOW -2.24% | MA20 Y74.00: BELOW -9.89%
[13:30:13] [600584.SH] [MA20 RISK] price Y66.68 is below 97% of MA20 (risk line Y71.78)
[13:30:16] [601869.SH] [MA-POS] price Y440.10 | MA5 Y427.05: ABOVE +3.06% | MA20 Y398.53: ABOVE +10.43%
[13:30:16] [601869.SH] [STRENGTH SHADOW] WARMUP minutes=4 components=[0.0, 0.0, 0.0] S=0.000 base=Y428.00 base-trigger=Y437.74 candidate=NOT_READY execution=Y437.74 U0=0.0000 Ul=0.2907 U=0.0000 limit=- reason=INCOMPLETE_MINUTE
[13:30:18] [601869.SH] [MA-POS] price Y440.66 | MA5 Y427.16: ABOVE +3.16% | MA20 Y398.56: ABOVE +10.56%
[13:30:19] [600584.SH] [STRENGTH SHADOW] WARMUP minutes=12 components=[0.28, 0.646, 0.444] S=0.711 base=Y66.50 base-trigger=Y67.12 candidate=NOT_READY execution=Y67.12 U0=0.0000 Ul=0.2574 U=0.0000 limit=- reason=INCOMPLETE_MINUTE
[13:30:19] [600584.SH] [STANDBY] Y66.68 no trade direction
[13:30:22] [600584.SH] [STRENGTH SHADOW] WARMUP minutes=6 components=[0.0, 0.0, 0.0] S=0.000 base=Y66.50 base-trigger=Y67.12 candidate=NOT_READY execution=Y67.12 U0=0.0000 Ul=0.2574 U=0.0000 limit=- reason=INCOMPLETE_MINUTE
[13:30:28] [600584.SH] [STANDBY] Y66.79 no trade direction
[13:30:35] [601869.SH] [STANDBY] Y440.95 no trade direction
[13:31:45] [601869.SH] [QUOTE-HEALTH] FRESH connection=OK quote_time=2026-09-11 13:31:43 age=2.1s last_rpc_success=2026-09-11 13:31:45 last_confirmed_fresh=2026-09-11 13:31:45 reason=source quote within age limit action=LOG_ONLY
[13:31:48] [601869.SH] [QUOTE-HEALTH] FRESH connection=OK quote_time=2026-09-11 13:31:46 age=2.2s last_rpc_success=2026-09-11 13:31:48 last_confirmed_fresh=2026-09-11 13:31:48 reason=source quote within age limit action=LOG_ONLY
[13:32:11] [601869.SH] [STRENGTH SHADOW] WARMUP minutes=10 components=[0.0, 0.0, 0.0] S=0.000 base=Y428.00 base-trigger=Y437.74 candidate=NOT_READY execution=Y437.74 U0=0.0000 Ul=0.2907 U=0.0000 limit=- reason=INCOMPLETE_MINUTE
[13:32:14] [600584.SH] [QUOTE-HEALTH] FRESH connection=OK quote_time=2026-09-11 13:32:11 age=3.1s last_rpc_success=2026-09-11 13:32:14 last_confirmed_fresh=2026-09-11 13:32:14 reason=source quote within age limit action=LOG_ONLY
[13:33:01] [600584.SH] [STRENGTH SHADOW] TOUCHED minutes=15 components=[0.813, 1.0, 1.0] S=1.000 base=Y66.50 base-trigger=Y67.12 candidate=Y67.12 execution=Y67.12 U0=0.0000 Ul=0.2574 U=0.0000 limit=- reason=TOUCHED
[13:33:22] [600584.SH] [STRENGTH SHADOW] STRONG minutes=15 components=[0.813, 1.0, 1.0] S=1.000 base=Y66.50 base-trigger=Y67.12 candidate=Y67.12 execution=Y67.12 U0=0.0000 Ul=0.2574 U=0.0000 limit=- reason=STRONG
[13:33:39] [600584.SH] [QUOTE-HEALTH] FRESH connection=OK quote_time=2026-09-11 13:33:35 age=4.5s last_rpc_success=2026-09-11 13:33:39 last_confirmed_fresh=2026-09-11 13:33:39 reason=source quote within age limit action=LOG_ONLY
[13:33:45] [600584.SH] [STRENGTH SHADOW] TOUCHED minutes=15 components=[0.813, 1.0, 1.0] S=1.000 base=Y66.50 base-trigger=Y67.12 candidate=Y67.12 execution=Y67.12 U0=0.0000 Ul=0.2574 U=0.0000 limit=- reason=TOUCHED
[13:33:51] [600584.SH] [STRENGTH SHADOW] STRONG minutes=15 components=[0.813, 1.0, 1.0] S=1.000 base=Y66.50 base-trigger=Y67.12 candidate=Y67.12 execution=Y67.12 U0=0.0000 Ul=0.2574 U=0.0000 limit=- reason=STRONG
[13:34:14] [600584.SH] [STRENGTH SHADOW] TOUCHED minutes=16 components=[0.775, 1.0, 1.0] S=1.000 base=Y66.50 base-trigger=Y67.12 candidate=Y67.12 execution=Y67.12 U0=0.0000 Ul=0.2574 U=0.0000 limit=- reason=TOUCHED
[13:35:10] [601869.SH] [STANDBY] Y446.65 no trade direction
[13:35:19] [600584.SH] [STRENGTH SHADOW] STRONG minutes=17 components=[0.801, 1.0, 1.0] S=1.000 base=Y66.50 base-trigger=Y67.12 candidate=Y67.12 execution=Y67.12 U0=0.0000 Ul=0.2574 U=0.0000 limit=- reason=STRONG
[13:35:20] [601869.SH] [STRENGTH SHADOW] WARMUP minutes=4 components=[0.0, 0.0, 0.0] S=0.000 base=Y428.00 base-trigger=Y437.74 candidate=NOT_READY execution=Y437.74 U0=0.0000 Ul=0.2907 U=0.0000 limit=- reason=INCOMPLETE_MINUTE
[13:35:24] [600584.SH] [STANDBY] Y67.11 no trade direction
[13:35:25] [600584.SH] [STRENGTH SHADOW] WARMUP minutes=11 components=[0.801, 1.0, 1.0] S=1.000 base=Y66.50 base-trigger=Y67.12 candidate=NOT_READY execution=Y67.12 U0=0.0000 Ul=0.2574 U=0.0000 limit=- reason=INCOMPLETE_MINUTE
[13:35:31] [600584.SH] [STANDBY] Y67.11 no trade direction
[13:35:35] [600584.SH] [STRENGTH SHADOW] TOUCHED minutes=17 components=[0.801, 1.0, 1.0] S=1.000 base=Y66.50 base-trigger=Y67.12 candidate=Y67.12 execution=Y67.12 U0=0.0000 Ul=0.2574 U=0.0000 limit=- reason=TOUCHED
[13:35:38] [601869.SH] [STANDBY] Y445.53 no trade direction
[13:36:48] [601869.SH] [QUOTE-HEALTH] FRESH connection=OK quote_time=2026-09-11 13:36:46 age=2.3s last_rpc_success=2026-09-11 13:36:48 last_confirmed_fresh=2026-09-11 13:36:48 reason=source quote within age limit action=LOG_ONLY
[13:36:55] [601869.SH] [QUOTE-HEALTH] FRESH connection=OK quote_time=2026-09-11 13:36:52 age=3.1s last_rpc_success=2026-09-11 13:36:55 last_confirmed_fresh=2026-09-11 13:36:55 reason=source quote within age limit action=LOG_ONLY
[13:37:12] [601869.SH] [STRENGTH SHADOW] WARMUP minutes=1 components=[0.0, 0.0, 0.0] S=0.000 base=Y428.00 base-trigger=Y437.74 candidate=NOT_READY execution=Y437.74 U0=0.0000 Ul=0.2907 U=0.0000 limit=- reason=INCOMPLETE_MINUTE
[13:37:39] [600584.SH] [QUOTE-HEALTH] FRESH connection=OK quote_time=2026-09-11 13:37:35 age=4.5s last_rpc_success=2026-09-11 13:37:39 last_confirmed_fresh=2026-09-11 13:37:39 reason=source quote within age limit action=LOG_ONLY
[13:39:11] [600584.SH] [QUOTE-HEALTH] FRESH connection=OK quote_time=2026-09-11 13:39:08 age=3.2s last_rpc_success=2026-09-11 13:39:11 last_confirmed_fresh=2026-09-11 13:39:11 reason=source quote within age limit action=LOG_ONLY
[13:40:11] [601869.SH] [STANDBY] Y446.20 no trade direction
[13:40:14] [600584.SH] [MA-POS] price Y67.45 | MA5 Y68.36: BELOW -1.33% | MA20 Y74.04: BELOW -8.90%
[13:40:14] [600584.SH] [MA20 RISK] price Y67.45 is below 97% of MA20 (risk line Y71.82)
[13:40:15] [600584.SH] [MA-POS] price Y67.45 | MA5 Y68.36: BELOW -1.33% | MA20 Y74.04: BELOW -8.90%
[13:40:15] [600584.SH] [MA20 RISK] price Y67.45 is below 97% of MA20 (risk line Y71.82)
[13:40:21] [601869.SH] [MA-POS] price Y446.10 | MA5 Y428.25: ABOVE +4.17% | MA20 Y398.83: ABOVE +11.85%
[13:40:21] [601869.SH] [STRENGTH SHADOW] WARMUP minutes=3 components=[0.0, 0.0, 0.0] S=0.000 base=Y428.00 base-trigger=Y437.74 candidate=NOT_READY execution=Y437.74 U0=0.0000 Ul=0.2907 U=0.0000 limit=- reason=INCOMPLETE_MINUTE
[13:40:22] [601869.SH] [MA-POS] price Y446.10 | MA5 Y428.25: ABOVE +4.17% | MA20 Y398.83: ABOVE +11.85%
[13:40:25] [600584.SH] [STANDBY] Y67.61 no trade direction
[13:40:26] [600584.SH] [STRENGTH SHADOW] WARMUP minutes=2 components=[0.0, 0.0, 0.0] S=0.000 base=Y66.50 base-trigger=Y67.12 candidate=NOT_READY execution=Y67.12 U0=0.0000 Ul=0.2574 U=0.0000 limit=- reason=INCOMPLETE_MINUTE
[13:40:31] [600584.SH] [STANDBY] Y67.66 no trade direction
[13:40:36] [600584.SH] [STRENGTH SHADOW] TOUCHED minutes=22 components=[1.0, 1.0, 1.0] S=1.000 base=Y66.50 base-trigger=Y67.12 candidate=Y67.12 execution=Y67.12 U0=0.0000 Ul=0.2574 U=0.0000 limit=- reason=TOUCHED
[13:40:38] [601869.SH] [STANDBY] Y447.20 no trade direction
[13:41:48] [601869.SH] [QUOTE-HEALTH] FRESH connection=OK quote_time=2026-09-11 13:41:46 age=2.7s last_rpc_success=2026-09-11 13:41:48 last_confirmed_fresh=2026-09-11 13:41:48 reason=source quote within age limit action=LOG_ONLY
[13:41:55] [601869.SH] [QUOTE-HEALTH] FRESH connection=OK quote_time=2026-09-11 13:41:52 age=3.5s last_rpc_success=2026-09-11 13:41:55 last_confirmed_fresh=2026-09-11 13:41:55 reason=source quote within age limit action=LOG_ONLY
[13:42:18] [601869.SH] [STRENGTH SHADOW] WARMUP minutes=1 components=[0.0, 0.0, 0.0] S=0.000 base=Y428.00 base-trigger=Y437.74 candidate=NOT_READY execution=Y437.74 U0=0.0000 Ul=0.2907 U=0.0000 limit=- reason=INCOMPLETE_MINUTE
[13:43:11] [600584.SH] [QUOTE-HEALTH] FRESH connection=OK quote_time=2026-09-11 13:43:08 age=3.6s last_rpc_success=2026-09-11 13:43:11 last_confirmed_fresh=2026-09-11 13:43:11 reason=source quote within age limit action=LOG_ONLY
[13:44:43] [600584.SH] [QUOTE-HEALTH] FRESH connection=OK quote_time=2026-09-11 13:44:41 age=2.5s last_rpc_success=2026-09-11 13:44:43 last_confirmed_fresh=2026-09-11 13:44:43 reason=source quote within age limit action=LOG_ONLY
[13:45:12] [601869.SH] [STANDBY] Y448.00 no trade direction
[13:45:23] [601869.SH] [STRENGTH SHADOW] WARMUP minutes=3 components=[0.0, 0.0, 0.0] S=0.000 base=Y428.00 base-trigger=Y437.74 candidate=NOT_READY execution=Y437.74 U0=0.0000 Ul=0.2907 U=0.0000 limit=- reason=INCOMPLETE_MINUTE
[13:45:27] [600584.SH] [STRENGTH SHADOW] WARMUP minutes=7 components=[0.0, 0.0, 0.0] S=0.000 base=Y66.50 base-trigger=Y67.12 candidate=NOT_READY execution=Y67.12 U0=0.0000 Ul=0.2574 U=0.0000 limit=- reason=INCOMPLETE_MINUTE
[13:45:28] [600584.SH] [STANDBY] Y67.76 no trade direction
[13:45:32] [600584.SH] [STANDBY] Y67.81 no trade direction
[13:45:39] [600584.SH] [STRENGTH SHADOW] TOUCHED minutes=27 components=[1.0, 1.0, 1.0] S=1.000 base=Y66.50 base-trigger=Y67.12 candidate=Y67.12 execution=Y67.12 U0=0.0000 Ul=0.2574 U=0.0000 limit=- reason=TOUCHED
[13:45:40] [601869.SH] [STANDBY] Y447.90 no trade direction
[13:46:51] [601869.SH] [QUOTE-HEALTH] FRESH connection=OK quote_time=2026-09-11 13:46:49 age=2.5s last_rpc_success=2026-09-11 13:46:51 last_confirmed_fresh=2026-09-11 13:46:51 reason=source quote within age limit action=LOG_ONLY
[13:46:59] [601869.SH] [QUOTE-HEALTH] FRESH connection=OK quote_time=2026-09-11 13:46:55 age=3.8s last_rpc_success=2026-09-11 13:46:58 last_confirmed_fresh=2026-09-11 13:46:58 reason=source quote within age limit action=LOG_ONLY
[13:47:20] [601869.SH] [STRENGTH SHADOW] WARMUP minutes=6 components=[0.0, 0.0, 0.0] S=0.000 base=Y428.00 base-trigger=Y437.74 candidate=NOT_READY execution=Y437.74 U0=0.0000 Ul=0.2907 U=0.0000 limit=- reason=INCOMPLETE_MINUTE
[13:48:12] [600584.SH] [QUOTE-HEALTH] FRESH connection=OK quote_time=2026-09-11 13:48:08 age=3.9s last_rpc_success=2026-09-11 13:48:11 last_confirmed_fresh=2026-09-11 13:48:11 reason=source quote within age limit action=LOG_ONLY
[13:50:16] [600584.SH] [QUOTE-HEALTH] FRESH connection=OK quote_time=2026-09-11 13:50:11 age=5.0s last_rpc_success=2026-09-11 13:50:16 last_confirmed_fresh=2026-09-11 13:50:16 reason=source quote within age limit action=LOG_ONLY
[13:50:16] [600584.SH] [MA-POS] price Y67.84 | MA5 Y68.44: BELOW -0.88% | MA20 Y74.06: BELOW -8.40%
[13:50:16] [600584.SH] [MA20 RISK] price Y67.84 is below 97% of MA20 (risk line Y71.84)
[13:50:17] [601869.SH] [STANDBY] Y449.33 no trade direction
[13:50:19] [600584.SH] [MA-POS] price Y67.84 | MA5 Y68.44: BELOW -0.88% | MA20 Y74.06: BELOW -8.40%
[13:50:19] [600584.SH] [MA20 RISK] price Y67.84 is below 97% of MA20 (risk line Y71.84)
[13:50:22] [601869.SH] [MA-POS] price Y448.93 | MA5 Y428.81: ABOVE +4.69% | MA20 Y398.97: ABOVE +12.52%
[13:50:24] [601869.SH] [MA-POS] price Y448.80 | MA5 Y428.79: ABOVE +4.67% | MA20 Y398.96: ABOVE +12.49%
[13:50:28] [601869.SH] [STRENGTH SHADOW] WARMUP minutes=0 components=[0.0, 0.0, 0.0] S=0.000 base=Y428.00 base-trigger=Y437.74 candidate=NOT_READY execution=Y437.74 U0=0.0000 Ul=0.2907 U=0.0000 limit=- reason=INCOMPLETE_MINUTE
[13:50:31] [600584.SH] [STRENGTH SHADOW] WARMUP minutes=2 components=[0.0, 0.0, 0.0] S=0.000 base=Y66.50 base-trigger=Y67.12 candidate=NOT_READY execution=Y67.12 U0=0.0000 Ul=0.2574 U=0.0000 limit=- reason=INCOMPLETE_MINUTE
[13:50:33] [600584.SH] [STANDBY] Y67.88 no trade direction
[13:50:37] [600584.SH] [STANDBY] Y67.88 no trade direction
[13:50:42] [601869.SH] [STANDBY] Y449.33 no trade direction
[13:50:44] [600584.SH] [STRENGTH SHADOW] TOUCHED minutes=32 components=[1.0, 1.0, 1.0] S=1.000 base=Y66.50 base-trigger=Y67.12 candidate=Y67.12 execution=Y67.12 U0=0.0000 Ul=0.2574 U=0.0000 limit=- reason=TOUCHED
[13:51:04] [600584.SH] [STRENGTH SHADOW] WARMUP minutes=0 components=[0.0, 0.0, 0.0] S=0.000 base=Y66.50 base-trigger=Y67.12 candidate=NOT_READY execution=Y67.12 U0=0.0000 Ul=0.2574 U=0.0000 limit=- reason=INCOMPLETE_MINUTE
[13:52:23] [601869.SH] [QUOTE-HEALTH] FRESH connection=OK quote_time=2026-09-11 13:52:19 age=3.9s last_rpc_success=2026-09-11 13:52:22 last_confirmed_fresh=2026-09-11 13:52:22 reason=source quote within age limit action=LOG_ONLY
[13:52:24] [601869.SH] [STRENGTH SHADOW] WARMUP minutes=3 components=[0.0, 0.0, 0.0] S=0.000 base=Y428.00 base-trigger=Y437.74 candidate=NOT_READY execution=Y437.74 U0=0.0000 Ul=0.2907 U=0.0000 limit=- reason=INCOMPLETE_MINUTE
[13:52:29] [601869.SH] [QUOTE-HEALTH] FRESH connection=OK quote_time=2026-09-11 13:52:25 age=4.7s last_rpc_success=2026-09-11 13:52:29 last_confirmed_fresh=2026-09-11 13:52:29 reason=source quote within age limit action=LOG_ONLY
[13:53:44] [600584.SH] [QUOTE-HEALTH] FRESH connection=OK quote_time=2026-09-11 13:53:41 age=2.8s last_rpc_success=2026-09-11 13:53:43 last_confirmed_fresh=2026-09-11 13:53:43 reason=source quote within age limit action=LOG_ONLY
[13:55:17] [601869.SH] [STANDBY] Y448.00 no trade direction
[13:55:28] [601869.SH] [STRENGTH SHADOW] WARMUP minutes=5 components=[0.0, 0.0, 0.0] S=0.000 base=Y428.00 base-trigger=Y437.74 candidate=NOT_READY execution=Y437.74 U0=0.0000 Ul=0.2907 U=0.0000 limit=- reason=INCOMPLETE_MINUTE
[13:55:32] [600584.SH] [STRENGTH SHADOW] WARMUP minutes=7 components=[0.0, 0.0, 0.0] S=0.000 base=Y66.50 base-trigger=Y67.12 candidate=NOT_READY execution=Y67.12 U0=0.0000 Ul=0.2574 U=0.0000 limit=- reason=INCOMPLETE_MINUTE
[13:55:36] [600584.SH] [STANDBY] Y67.61 no trade direction
[13:55:38] [600584.SH] [STANDBY] Y67.60 no trade direction
[13:55:45] [601869.SH] [STANDBY] Y447.88 no trade direction
[13:55:47] [600584.SH] [QUOTE-HEALTH] FRESH connection=OK quote_time=2026-09-11 13:55:44 age=2.9s last_rpc_success=2026-09-11 13:55:46 last_confirmed_fresh=2026-09-11 13:55:46 reason=source quote within age limit action=LOG_ONLY
[13:56:09] [600584.SH] [STRENGTH SHADOW] WARMUP minutes=5 components=[0.0, 0.0, 0.0] S=0.000 base=Y66.50 base-trigger=Y67.12 candidate=NOT_READY execution=Y67.12 U0=0.0000 Ul=0.2574 U=0.0000 limit=- reason=INCOMPLETE_MINUTE
[13:57:25] [601869.SH] [QUOTE-HEALTH] FRESH connection=OK quote_time=2026-09-11 13:57:22 age=3.7s last_rpc_success=2026-09-11 13:57:25 last_confirmed_fresh=2026-09-11 13:57:25 reason=source quote within age limit action=LOG_ONLY
[13:57:32] [601869.SH] [QUOTE-HEALTH] FRESH connection=OK quote_time=2026-09-11 13:57:28 age=3.7s last_rpc_success=2026-09-11 13:57:31 last_confirmed_fresh=2026-09-11 13:57:31 reason=source quote within age limit action=LOG_ONLY
[13:57:33] [601869.SH] [STRENGTH SHADOW] WARMUP minutes=8 components=[0.0, 0.0, 0.0] S=0.000 base=Y428.00 base-trigger=Y437.74 candidate=NOT_READY execution=Y437.74 U0=0.0000 Ul=0.2907 U=0.0000 limit=- reason=INCOMPLETE_MINUTE
[13:58:53] [600584.SH] [QUOTE-HEALTH] FRESH connection=OK quote_time=2026-09-11 13:58:50 age=3.1s last_rpc_success=2026-09-11 13:58:53 last_confirmed_fresh=2026-09-11 13:58:53 reason=source quote within age limit action=LOG_ONLY
[14:00:18] [600584.SH] [MA-POS] price Y67.60 | MA5 Y68.39: BELOW -1.16% | MA20 Y74.05: BELOW -8.71%
[14:00:18] [600584.SH] [MA20 RISK] price Y67.60 is below 97% of MA20 (risk line Y71.83)
[14:00:23] [601869.SH] [MA-POS] price Y449.02 | MA5 Y428.83: ABOVE +4.71% | MA20 Y398.98: ABOVE +12.54%
[14:00:23] [601869.SH] [STANDBY] Y449.02 no trade direction
[14:00:24] [600584.SH] [MA-POS] price Y67.59 | MA5 Y68.39: BELOW -1.17% | MA20 Y74.05: BELOW -8.72%
[14:00:24] [600584.SH] [MA20 RISK] price Y67.59 is below 97% of MA20 (risk line Y71.83)
[14:00:25] [601869.SH] [MA-POS] price Y449.00 | MA5 Y428.83: ABOVE +4.70% | MA20 Y398.97: ABOVE +12.54%
[14:00:30] [601869.SH] [STRENGTH SHADOW] WARMUP minutes=0 components=[0.0, 0.0, 0.0] S=0.000 base=Y428.00 base-trigger=Y437.74 candidate=NOT_READY execution=Y437.74 U0=0.0000 Ul=0.2907 U=0.0000 limit=- reason=INCOMPLETE_MINUTE
[14:00:37] [600584.SH] [STANDBY] Y67.52 no trade direction
[14:00:39] [600584.SH] [STRENGTH SHADOW] WARMUP minutes=0 components=[0.0, 0.0, 0.0] S=0.000 base=Y66.50 base-trigger=Y67.12 candidate=NOT_READY execution=Y67.12 U0=0.0000 Ul=0.2574 U=0.0000 limit=- reason=INCOMPLETE_MINUTE
[14:00:39] [600584.SH] [STANDBY] Y67.53 no trade direction
[14:00:50] [601869.SH] [STANDBY] Y448.60 no trade direction
[14:01:11] [600584.SH] [STRENGTH SHADOW] WARMUP minutes=2 components=[0.0, 0.0, 0.0] S=0.000 base=Y66.50 base-trigger=Y67.12 candidate=NOT_READY execution=Y67.12 U0=0.0000 Ul=0.2574 U=0.0000 limit=- reason=INCOMPLETE_MINUTE
[14:01:16] [600584.SH] [QUOTE-HEALTH] FRESH connection=OK quote_time=2026-09-11 14:01:14 age=2.7s last_rpc_success=2026-09-11 14:01:16 last_confirmed_fresh=2026-09-11 14:01:16 reason=source quote within age limit action=LOG_ONLY
[14:02:32] [601869.SH] [QUOTE-HEALTH] FRESH connection=OK quote_time=2026-09-11 14:02:28 age=4.1s last_rpc_success=2026-09-11 14:02:32 last_confirmed_fresh=2026-09-11 14:02:32 reason=source quote within age limit action=LOG_ONLY
[14:02:33] [601869.SH] [STRENGTH SHADOW] WARMUP minutes=4 components=[0.0, 0.0, 0.0] S=0.000 base=Y428.00 base-trigger=Y437.74 candidate=NOT_READY execution=Y437.74 U0=0.0000 Ul=0.2907 U=0.0000 limit=- reason=INCOMPLETE_MINUTE
[14:03:04] [601869.SH] [QUOTE-HEALTH] FRESH connection=OK quote_time=2026-09-11 14:03:01 age=3.0s last_rpc_success=2026-09-11 14:03:04 last_confirmed_fresh=2026-09-11 14:03:04 reason=source quote within age limit action=LOG_ONLY
[14:04:26] [600584.SH] [QUOTE-HEALTH] FRESH connection=OK quote_time=2026-09-11 14:04:23 age=3.5s last_rpc_success=2026-09-11 14:04:26 last_confirmed_fresh=2026-09-11 14:04:26 reason=source quote within age limit action=LOG_ONLY
[14:05:24] [601869.SH] [STANDBY] Y450.48 no trade direction
[14:05:30] [601869.SH] [STRENGTH SHADOW] WARMUP minutes=5 components=[0.0, 0.0, 0.0] S=0.000 base=Y428.00 base-trigger=Y437.74 candidate=NOT_READY execution=Y437.74 U0=0.0000 Ul=0.2907 U=0.0000 limit=- reason=INCOMPLETE_MINUTE
[14:05:38] [600584.SH] [STANDBY] Y67.65 no trade direction
[14:05:41] [600584.SH] [STRENGTH SHADOW] WARMUP minutes=5 components=[0.0, 0.0, 0.0] S=0.000 base=Y66.50 base-trigger=Y67.12 candidate=NOT_READY execution=Y67.12 U0=0.0000 Ul=0.2574 U=0.0000 limit=- reason=INCOMPLETE_MINUTE
[14:05:41] [600584.SH] [STANDBY] Y67.65 no trade direction
[14:05:56] [601869.SH] [STANDBY] Y449.71 no trade direction
[14:06:16] [600584.SH] [STRENGTH SHADOW] WARMUP minutes=4 components=[0.0, 0.0, 0.0] S=0.000 base=Y66.50 base-trigger=Y67.12 candidate=NOT_READY execution=Y67.12 U0=0.0000 Ul=0.2574 U=0.0000 limit=- reason=INCOMPLETE_MINUTE
[14:06:21] [600584.SH] [QUOTE-HEALTH] FRESH connection=OK quote_time=2026-09-11 14:06:17 age=4.5s last_rpc_success=2026-09-11 14:06:21 last_confirmed_fresh=2026-09-11 14:06:21 reason=source quote within age limit action=LOG_ONLY
[14:07:34] [601869.SH] [QUOTE-HEALTH] FRESH connection=OK quote_time=2026-09-11 14:07:31 age=3.4s last_rpc_success=2026-09-11 14:07:34 last_confirmed_fresh=2026-09-11 14:07:34 reason=source quote within age limit action=LOG_ONLY
[14:07:35] [601869.SH] [STRENGTH SHADOW] WARMUP minutes=1 components=[0.0, 0.0, 0.0] S=0.000 base=Y428.00 base-trigger=Y437.74 candidate=NOT_READY execution=Y437.74 U0=0.0000 Ul=0.2907 U=0.0000 limit=- reason=INCOMPLETE_MINUTE
[14:08:34] [601869.SH] [QUOTE-HEALTH] FRESH connection=OK quote_time=2026-09-11 14:08:31 age=3.6s last_rpc_success=2026-09-11 14:08:34 last_confirmed_fresh=2026-09-11 14:08:34 reason=source quote within age limit action=LOG_ONLY
[14:09:32] [600584.SH] [QUOTE-HEALTH] FRESH connection=OK quote_time=2026-09-11 14:09:29 age=3.0s last_rpc_success=2026-09-11 14:09:32 last_confirmed_fresh=2026-09-11 14:09:32 reason=source quote within age limit action=LOG_ONLY
[14:10:18] [600584.SH] [MA-POS] price Y67.68 | MA5 Y68.41: BELOW -1.06% | MA20 Y74.05: BELOW -8.60%
[14:10:18] [600584.SH] [MA20 RISK] price Y67.68 is below 97% of MA20 (risk line Y71.83)
[14:10:24] [600584.SH] [MA-POS] price Y67.69 | MA5 Y68.41: BELOW -1.05% | MA20 Y74.05: BELOW -8.59%
[14:10:24] [600584.SH] [MA20 RISK] price Y67.69 is below 97% of MA20 (risk line Y71.83)
[14:10:25] [601869.SH] [MA-POS] price Y451.92 | MA5 Y429.41: ABOVE +5.24% | MA20 Y399.12: ABOVE +13.23%
[14:10:28] [601869.SH] [MA-POS] price Y451.92 | MA5 Y429.41: ABOVE +5.24% | MA20 Y399.12: ABOVE +13.23%
[14:10:28] [601869.SH] [STANDBY] Y451.92 no trade direction
[14:10:33] [601869.SH] [STRENGTH SHADOW] WARMUP minutes=10 components=[0.0, 0.0, 0.0] S=0.000 base=Y428.00 base-trigger=Y437.74 candidate=NOT_READY execution=Y437.74 U0=0.0000 Ul=0.2907 U=0.0000 limit=- reason=INCOMPLETE_MINUTE
[14:10:40] [600584.SH] [STANDBY] Y67.74 no trade direction
[14:10:46] [600584.SH] [STRENGTH SHADOW] WARMUP minutes=1 components=[0.0, 0.0, 0.0] S=0.000 base=Y66.50 base-trigger=Y67.12 candidate=NOT_READY execution=Y67.12 U0=0.0000 Ul=0.2574 U=0.0000 limit=- reason=INCOMPLETE_MINUTE
[14:10:46] [600584.SH] [STANDBY] Y67.75 no trade direction
[14:10:59] [601869.SH] [STANDBY] Y452.55 no trade direction
[14:11:22] [600584.SH] [STRENGTH SHADOW] WARMUP minutes=9 components=[0.0, 0.0, 0.0] S=0.000 base=Y66.50 base-trigger=Y67.12 candidate=NOT_READY execution=Y67.12 U0=0.0000 Ul=0.2574 U=0.0000 limit=- reason=INCOMPLETE_MINUTE
[14:11:55] [600584.SH] [QUOTE-HEALTH] FRESH connection=OK quote_time=2026-09-11 14:11:53 age=2.4s last_rpc_success=2026-09-11 14:11:55 last_confirmed_fresh=2026-09-11 14:11:55 reason=source quote within age limit action=LOG_ONLY
[14:12:39] [601869.SH] [STRENGTH SHADOW] WARMUP minutes=6 components=[0.0, 0.0, 0.0] S=0.000 base=Y428.00 base-trigger=Y437.74 candidate=NOT_READY execution=Y437.74 U0=0.0000 Ul=0.2907 U=0.0000 limit=- reason=INCOMPLETE_MINUTE
[14:12:45] [601869.SH] [QUOTE-HEALTH] FRESH connection=OK quote_time=2026-09-11 14:12:43 age=2.1s last_rpc_success=2026-09-11 14:12:45 last_confirmed_fresh=2026-09-11 14:12:45 reason=source quote within age limit action=LOG_ONLY
[14:13:35] [601869.SH] [QUOTE-HEALTH] FRESH connection=OK quote_time=2026-09-11 14:13:31 age=4.5s last_rpc_success=2026-09-11 14:13:35 last_confirmed_fresh=2026-09-11 14:13:35 reason=source quote within age limit action=LOG_ONLY
[14:14:38] [600584.SH] [QUOTE-HEALTH] FRESH connection=OK quote_time=2026-09-11 14:14:35 age=3.6s last_rpc_success=2026-09-11 14:14:38 last_confirmed_fresh=2026-09-11 14:14:38 reason=source quote within age limit action=LOG_ONLY
[14:15:33] [601869.SH] [STANDBY] Y456.75 no trade direction
[14:15:38] [601869.SH] [STRENGTH SHADOW] WARMUP minutes=2 components=[0.0, 0.0, 0.0] S=0.000 base=Y428.00 base-trigger=Y437.74 candidate=NOT_READY execution=Y437.74 U0=0.0000 Ul=0.2907 U=0.0000 limit=- reason=INCOMPLETE_MINUTE
[14:15:42] [600584.SH] [STANDBY] Y67.99 no trade direction
[14:15:51] [600584.SH] [STRENGTH SHADOW] WARMUP minutes=6 components=[0.0, 0.0, 0.0] S=0.000 base=Y66.50 base-trigger=Y67.12 candidate=NOT_READY execution=Y67.12 U0=0.0000 Ul=0.2574 U=0.0000 limit=- reason=INCOMPLETE_MINUTE
[14:15:51] [600584.SH] [STANDBY] Y68.05 no trade direction
[14:16:02] [601869.SH] [STANDBY] Y456.77 no trade direction
[14:16:22] [600584.SH] [STRENGTH SHADOW] WARMUP minutes=14 components=[1.0, 1.0, 1.0] S=1.000 base=Y66.50 base-trigger=Y67.12 candidate=NOT_READY execution=Y67.12 U0=0.0000 Ul=0.2574 U=0.0000 limit=- reason=INCOMPLETE_MINUTE
[14:17:01] [600584.SH] [QUOTE-HEALTH] FRESH connection=OK quote_time=2026-09-11 14:16:56 age=4.9s last_rpc_success=2026-09-11 14:17:00 last_confirmed_fresh=2026-09-11 14:17:00 reason=source quote within age limit action=LOG_ONLY
[14:17:44] [601869.SH] [STRENGTH SHADOW] WARMUP minutes=2 components=[0.0, 0.0, 0.0] S=0.000 base=Y428.00 base-trigger=Y437.74 candidate=NOT_READY execution=Y437.74 U0=0.0000 Ul=0.2907 U=0.0000 limit=- reason=INCOMPLETE_MINUTE
[14:17:47] [601869.SH] [QUOTE-HEALTH] FRESH connection=OK quote_time=2026-09-11 14:17:43 age=3.9s last_rpc_success=2026-09-11 14:17:46 last_confirmed_fresh=2026-09-11 14:17:46 reason=source quote within age limit action=LOG_ONLY
[14:18:41] [601869.SH] [QUOTE-HEALTH] FRESH connection=OK quote_time=2026-09-11 14:18:37 age=4.4s last_rpc_success=2026-09-11 14:18:41 last_confirmed_fresh=2026-09-11 14:18:41 reason=source quote within age limit action=LOG_ONLY
[14:19:40] [600584.SH] [QUOTE-HEALTH] FRESH connection=OK quote_time=2026-09-11 14:19:38 age=2.5s last_rpc_success=2026-09-11 14:19:40 last_confirmed_fresh=2026-09-11 14:19:40 reason=source quote within age limit action=LOG_ONLY
[14:20:22] [601869.SH] [MOM BLOCKED] MOM short: sellable 0 sh < 100 sh
[14:20:23] [601869.SH] [MOM BLOCKED] MOM short: sellable 0 sh < 100 sh
[14:20:24] [600584.SH] [MA-POS] price Y67.88 | MA5 Y68.45: BELOW -0.83% | MA20 Y74.06: BELOW -8.35%
[14:20:24] [600584.SH] [MA20 RISK] price Y67.88 is below 97% of MA20 (risk line Y71.84)
[14:20:27] [600584.SH] [MA-POS] price Y67.89 | MA5 Y68.45: BELOW -0.82% | MA20 Y74.06: BELOW -8.33%
[14:20:27] [600584.SH] [MA20 RISK] price Y67.89 is below 97% of MA20 (risk line Y71.84)
[14:20:28] [601869.SH] [MA-POS] price Y459.31 | MA5 Y430.89: ABOVE +6.60% | MA20 Y399.49: ABOVE +14.97%
[14:20:34] [601869.SH] [MA-POS] price Y459.76 | MA5 Y430.98: ABOVE +6.68% | MA20 Y399.51: ABOVE +15.08%
[14:20:34] [601869.SH] [STANDBY] Y459.76 no trade direction
[14:20:40] [601869.SH] [STRENGTH SHADOW] WARMUP minutes=1 components=[0.0, 0.0, 0.0] S=0.000 base=Y428.00 base-trigger=Y437.74 candidate=NOT_READY execution=Y437.74 U0=0.0000 Ul=0.2907 U=0.0000 limit=- reason=INCOMPLETE_MINUTE
[14:20:46] [600584.SH] [STANDBY] Y67.92 no trade direction
[14:20:56] [600584.SH] [STRENGTH SHADOW] WARMUP minutes=1 components=[0.0, 0.0, 0.0] S=0.000 base=Y66.50 base-trigger=Y67.12 candidate=NOT_READY execution=Y67.12 U0=0.0000 Ul=0.2574 U=0.0000 limit=- reason=INCOMPLETE_MINUTE
[14:20:56] [600584.SH] [STANDBY] Y67.92 no trade direction
[14:21:07] [601869.SH] [STANDBY] Y460.00 no trade direction
[14:21:27] [600584.SH] [STRENGTH SHADOW] WARMUP minutes=4 components=[0.0, 0.0, 0.0] S=0.000 base=Y66.50 base-trigger=Y67.12 candidate=NOT_READY execution=Y67.12 U0=0.0000 Ul=0.2574 U=0.0000 limit=- reason=INCOMPLETE_MINUTE
[14:22:06] [600584.SH] [QUOTE-HEALTH] FRESH connection=OK quote_time=2026-09-11 14:22:02 age=4.3s last_rpc_success=2026-09-11 14:22:06 last_confirmed_fresh=2026-09-11 14:22:06 reason=source quote within age limit action=LOG_ONLY
[14:22:48] [601869.SH] [STRENGTH SHADOW] WARMUP minutes=7 components=[0.0, 0.0, 0.0] S=0.000 base=Y428.00 base-trigger=Y437.74 candidate=NOT_READY execution=Y437.74 U0=0.0000 Ul=0.2907 U=0.0000 limit=- reason=INCOMPLETE_MINUTE
[14:22:49] [601869.SH] [QUOTE-HEALTH] FRESH connection=OK quote_time=2026-09-11 14:22:46 age=3.3s last_rpc_success=2026-09-11 14:22:49 last_confirmed_fresh=2026-09-11 14:22:49 reason=source quote within age limit action=LOG_ONLY
[14:24:13] [601869.SH] [QUOTE-HEALTH] FRESH connection=OK quote_time=2026-09-11 14:24:10 age=2.9s last_rpc_success=2026-09-11 14:24:12 last_confirmed_fresh=2026-09-11 14:24:12 reason=source quote within age limit action=LOG_ONLY
[14:25:09] [600584.SH] [QUOTE-HEALTH] FRESH connection=OK quote_time=2026-09-11 14:25:05 age=3.4s last_rpc_success=2026-09-11 14:25:08 last_confirmed_fresh=2026-09-11 14:25:08 reason=source quote within age limit action=LOG_ONLY
[14:25:40] [601869.SH] [STANDBY] Y463.53 no trade direction
[14:25:46] [601869.SH] [STRENGTH SHADOW] WARMUP minutes=2 components=[0.0, 0.0, 0.0] S=0.000 base=Y428.00 base-trigger=Y437.74 candidate=NOT_READY execution=Y437.74 U0=0.0000 Ul=0.2907 U=0.0000 limit=- reason=INCOMPLETE_MINUTE
[14:25:47] [600584.SH] [STANDBY] Y67.78 no trade direction
[14:25:59] [600584.SH] [STRENGTH SHADOW] WARMUP minutes=1 components=[0.0, 0.0, 0.0] S=0.000 base=Y66.50 base-trigger=Y67.12 candidate=NOT_READY execution=Y67.12 U0=0.0000 Ul=0.2574 U=0.0000 limit=- reason=INCOMPLETE_MINUTE
[14:25:59] [600584.SH] [STANDBY] Y67.78 no trade direction
[14:26:10] [601869.SH] [STANDBY] Y461.82 no trade direction
[14:26:31] [600584.SH] [STRENGTH SHADOW] WARMUP minutes=9 components=[0.0, 0.0, 0.0] S=0.000 base=Y66.50 base-trigger=Y67.12 candidate=NOT_READY execution=Y67.12 U0=0.0000 Ul=0.2574 U=0.0000 limit=- reason=INCOMPLETE_MINUTE
[14:27:10] [600584.SH] [QUOTE-HEALTH] FRESH connection=OK quote_time=2026-09-11 14:27:08 age=2.5s last_rpc_success=2026-09-11 14:27:10 last_confirmed_fresh=2026-09-11 14:27:10 reason=source quote within age limit action=LOG_ONLY
[14:27:51] [601869.SH] [STRENGTH SHADOW] WARMUP minutes=0 components=[0.0, 0.0, 0.0] S=0.000 base=Y428.00 base-trigger=Y437.74 candidate=NOT_READY execution=Y437.74 U0=0.0000 Ul=0.2907 U=0.0000 limit=- reason=INCOMPLETE_MINUTE
[14:27:53] [601869.SH] [QUOTE-HEALTH] FRESH connection=OK quote_time=2026-09-11 14:27:49 age=4.0s last_rpc_success=2026-09-11 14:27:52 last_confirmed_fresh=2026-09-11 14:27:52 reason=source quote within age limit action=LOG_ONLY
[14:29:16] [601869.SH] [QUOTE-HEALTH] FRESH connection=OK quote_time=2026-09-11 14:29:13 age=3.8s last_rpc_success=2026-09-11 14:29:16 last_confirmed_fresh=2026-09-11 14:29:16 reason=source quote within age limit action=LOG_ONLY
[14:30:11] [600584.SH] [QUOTE-HEALTH] FRESH connection=OK quote_time=2026-09-11 14:30:08 age=2.8s last_rpc_success=2026-09-11 14:30:10 last_confirmed_fresh=2026-09-11 14:30:10 reason=source quote within age limit action=LOG_ONLY
[14:30:26] [600584.SH] [MA-POS] price Y67.64 | MA5 Y68.40: BELOW -1.11% | MA20 Y74.05: BELOW -8.66%
[14:30:26] [600584.SH] [MA20 RISK] price Y67.64 is below 97% of MA20 (risk line Y71.83)
[14:30:27] [600584.SH] [MA-POS] price Y67.64 | MA5 Y68.40: BELOW -1.11% | MA20 Y74.05: BELOW -8.66%
[14:30:27] [600584.SH] [MA20 RISK] price Y67.64 is below 97% of MA20 (risk line Y71.83)
[14:30:31] [601869.SH] [MA-POS] price Y463.03 | MA5 Y431.63: ABOVE +7.27% | MA20 Y399.68: ABOVE +15.85%
[14:30:35] [601869.SH] [MA-POS] price Y463.25 | MA5 Y431.68: ABOVE +7.31% | MA20 Y399.69: ABOVE +15.90%
[14:30:41] [601869.SH] [STANDBY] Y463.28 no trade direction
[14:30:47] [601869.SH] [STRENGTH SHADOW] WARMUP minutes=0 components=[0.0, 0.0, 0.0] S=0.000 base=Y428.00 base-trigger=Y437.74 candidate=NOT_READY execution=Y437.74 U0=0.0000 Ul=0.2907 U=0.0000 limit=- reason=INCOMPLETE_MINUTE
[14:30:51] [600584.SH] [STANDBY] Y67.63 no trade direction
[14:31:05] [600584.SH] [STRENGTH SHADOW] WARMUP minutes=4 components=[0.0, 0.0, 0.0] S=0.000 base=Y66.50 base-trigger=Y67.12 candidate=NOT_READY execution=Y67.12 U0=0.0000 Ul=0.2574 U=0.0000 limit=- reason=INCOMPLETE_MINUTE
[14:31:05] [600584.SH] [STANDBY] Y67.65 no trade direction
[14:31:10] [601869.SH] [STANDBY] Y464.02 no trade direction
[14:31:31] [600584.SH] [STRENGTH SHADOW] WARMUP minutes=3 components=[0.0, 0.0, 0.0] S=0.000 base=Y66.50 base-trigger=Y67.12 candidate=NOT_READY execution=Y67.12 U0=0.0000 Ul=0.2574 U=0.0000 limit=- reason=INCOMPLETE_MINUTE
[14:32:44] [600584.SH] [QUOTE-HEALTH] FRESH connection=OK quote_time=2026-09-11 14:32:41 age=2.9s last_rpc_success=2026-09-11 14:32:43 last_confirmed_fresh=2026-09-11 14:32:43 reason=source quote within age limit action=LOG_ONLY
[14:32:54] [601869.SH] [STRENGTH SHADOW] WARMUP minutes=0 components=[0.0, 0.0, 0.0] S=0.000 base=Y428.00 base-trigger=Y437.74 candidate=NOT_READY execution=Y437.74 U0=0.0000 Ul=0.2907 U=0.0000 limit=- reason=INCOMPLETE_MINUTE
[14:32:58] [601869.SH] [QUOTE-HEALTH] FRESH connection=OK quote_time=2026-09-11 14:32:55 age=3.5s last_rpc_success=2026-09-11 14:32:58 last_confirmed_fresh=2026-09-11 14:32:58 reason=source quote within age limit action=LOG_ONLY
[14:34:21] [601869.SH] [QUOTE-HEALTH] FRESH connection=OK quote_time=2026-09-11 14:34:19 age=2.6s last_rpc_success=2026-09-11 14:34:21 last_confirmed_fresh=2026-09-11 14:34:21 reason=source quote within age limit action=LOG_ONLY
[14:35:15] [600584.SH] [QUOTE-HEALTH] FRESH connection=OK quote_time=2026-09-11 14:35:11 age=4.2s last_rpc_success=2026-09-11 14:35:15 last_confirmed_fresh=2026-09-11 14:35:15 reason=source quote within age limit action=LOG_ONLY
[14:35:46] [601869.SH] [MOM BLOCKED] MOM long: T+1 sellable base shares pairing capacity 0 sh (sellable 0 - reserved 0) < 100 sh
[14:35:46] [601869.SH] [STANDBY] Y459.27 no trade direction
[14:35:53] [601869.SH] [STRENGTH SHADOW] WARMUP minutes=3 components=[0.0, 0.0, 0.0] S=0.000 base=Y428.00 base-trigger=Y437.74 candidate=NOT_READY execution=Y437.74 U0=0.0000 Ul=0.2907 U=0.0000 limit=- reason=INCOMPLETE_MINUTE
[14:35:56] [600584.SH] [STANDBY] Y67.48 no trade direction
[14:36:05] [600584.SH] [STRENGTH SHADOW] WARMUP minutes=9 components=[0.0, 0.0, 0.0] S=0.000 base=Y66.50 base-trigger=Y67.12 candidate=NOT_READY execution=Y67.12 U0=0.0000 Ul=0.2574 U=0.0000 limit=- reason=INCOMPLETE_MINUTE
[14:36:05] [600584.SH] [STANDBY] Y67.48 no trade direction
[14:36:15] [601869.SH] [STANDBY] Y461.17 no trade direction
[14:36:35] [600584.SH] [STRENGTH SHADOW] WARMUP minutes=0 components=[0.0, 0.0, 0.0] S=0.000 base=Y66.50 base-trigger=Y67.12 candidate=NOT_READY execution=Y67.12 U0=0.0000 Ul=0.2574 U=0.0000 limit=- reason=INCOMPLETE_MINUTE
[14:37:48] [600584.SH] [QUOTE-HEALTH] FRESH connection=OK quote_time=2026-09-11 14:37:44 age=4.1s last_rpc_success=2026-09-11 14:37:48 last_confirmed_fresh=2026-09-11 14:37:48 reason=source quote within age limit action=LOG_ONLY
[14:37:56] [601869.SH] [STRENGTH SHADOW] WARMUP minutes=2 components=[0.0, 0.0, 0.0] S=0.000 base=Y428.00 base-trigger=Y437.74 candidate=NOT_READY execution=Y437.74 U0=0.0000 Ul=0.2907 U=0.0000 limit=- reason=INCOMPLETE_MINUTE
[14:38:06] [601869.SH] [QUOTE-HEALTH] FRESH connection=OK quote_time=2026-09-11 14:38:01 age=4.8s last_rpc_success=2026-09-11 14:38:05 last_confirmed_fresh=2026-09-11 14:38:05 reason=source quote within age limit action=LOG_ONLY
[14:39:26] [601869.SH] [QUOTE-HEALTH] FRESH connection=OK quote_time=2026-09-11 14:39:22 age=4.7s last_rpc_success=2026-09-11 14:39:26 last_confirmed_fresh=2026-09-11 14:39:26 reason=source quote within age limit action=LOG_ONLY
[14:40:20] [600584.SH] [QUOTE-HEALTH] FRESH connection=OK quote_time=2026-09-11 14:40:17 age=2.9s last_rpc_success=2026-09-11 14:40:19 last_confirmed_fresh=2026-09-11 14:40:19 reason=source quote within age limit action=LOG_ONLY
[14:40:29] [600584.SH] [MA-POS] price Y67.40 | MA5 Y68.35: BELOW -1.39% | MA20 Y74.04: BELOW -8.96%
[14:40:29] [600584.SH] [MA20 RISK] price Y67.40 is below 97% of MA20 (risk line Y71.82)
[14:40:31] [600584.SH] [MA-POS] price Y67.40 | MA5 Y68.35: BELOW -1.39% | MA20 Y74.04: BELOW -8.96%
[14:40:31] [600584.SH] [MA20 RISK] price Y67.40 is below 97% of MA20 (risk line Y71.82)
[14:40:33] [601869.SH] [MA-POS] price Y459.95 | MA5 Y431.02: ABOVE +6.71% | MA20 Y399.52: ABOVE +15.13%
[14:40:38] [601869.SH] [MA-POS] price Y459.77 | MA5 Y430.98: ABOVE +6.68% | MA20 Y399.51: ABOVE +15.08%
[14:40:49] [601869.SH] [STANDBY] Y459.76 no trade direction
[14:40:54] [601869.SH] [STRENGTH SHADOW] WARMUP minutes=8 components=[0.0, 0.0, 0.0] S=0.000 base=Y428.00 base-trigger=Y437.74 candidate=NOT_READY execution=Y437.74 U0=0.0000 Ul=0.2907 U=0.0000 limit=- reason=INCOMPLETE_MINUTE
[14:40:56] [600584.SH] [STANDBY] Y67.36 no trade direction
[14:41:09] [600584.SH] [STRENGTH SHADOW] WARMUP minutes=4 components=[0.0, 0.0, 0.0] S=0.000 base=Y66.50 base-trigger=Y67.12 candidate=NOT_READY execution=Y67.12 U0=0.0000 Ul=0.2574 U=0.0000 limit=- reason=INCOMPLETE_MINUTE
[14:41:09] [600584.SH] [STANDBY] Y67.40 no trade direction
[14:41:17] [601869.SH] [STANDBY] Y459.68 no trade direction
[14:41:35] [600584.SH] [STRENGTH SHADOW] WARMUP minutes=1 components=[0.0, 0.0, 0.0] S=0.000 base=Y66.50 base-trigger=Y67.12 candidate=NOT_READY execution=Y67.12 U0=0.0000 Ul=0.2574 U=0.0000 limit=- reason=INCOMPLETE_MINUTE
[14:42:49] [600584.SH] [QUOTE-HEALTH] FRESH connection=OK quote_time=2026-09-11 14:42:47 age=2.8s last_rpc_success=2026-09-11 14:42:49 last_confirmed_fresh=2026-09-11 14:42:49 reason=source quote within age limit action=LOG_ONLY
[14:43:00] [601869.SH] [STRENGTH SHADOW] WARMUP minutes=2 components=[0.0, 0.0, 0.0] S=0.000 base=Y428.00 base-trigger=Y437.74 candidate=NOT_READY execution=Y437.74 U0=0.0000 Ul=0.2907 U=0.0000 limit=- reason=INCOMPLETE_MINUTE
[14:43:11] [601869.SH] [QUOTE-HEALTH] FRESH connection=OK quote_time=2026-09-11 14:43:07 age=3.9s last_rpc_success=2026-09-11 14:43:10 last_confirmed_fresh=2026-09-11 14:43:10 reason=source quote within age limit action=LOG_ONLY
[14:44:35] [601869.SH] [QUOTE-HEALTH] FRESH connection=OK quote_time=2026-09-11 14:44:31 age=3.8s last_rpc_success=2026-09-11 14:44:34 last_confirmed_fresh=2026-09-11 14:44:34 reason=source quote within age limit action=LOG_ONLY
[14:45:25] [600584.SH] [QUOTE-HEALTH] FRESH connection=OK quote_time=2026-09-11 14:45:20 age=4.9s last_rpc_success=2026-09-11 14:45:24 last_confirmed_fresh=2026-09-11 14:45:24 reason=source quote within age limit action=LOG_ONLY
[14:45:55] [601869.SH] [STRENGTH SHADOW] WARMUP minutes=1 components=[0.0, 0.0, 0.0] S=0.000 base=Y428.00 base-trigger=Y437.74 candidate=NOT_READY execution=Y437.74 U0=0.0000 Ul=0.2907 U=0.0000 limit=- reason=INCOMPLETE_MINUTE
[14:45:55] [601869.SH] [STANDBY] Y461.58 no trade direction
[14:45:58] [600584.SH] [STANDBY] Y67.57 no trade direction
[14:46:10] [600584.SH] [STRENGTH SHADOW] WARMUP minutes=3 components=[0.0, 0.0, 0.0] S=0.000 base=Y66.50 base-trigger=Y67.12 candidate=NOT_READY execution=Y67.12 U0=0.0000 Ul=0.2574 U=0.0000 limit=- reason=INCOMPLETE_MINUTE
[14:46:10] [600584.SH] [STANDBY] Y67.64 no trade direction
[14:46:23] [601869.SH] [STANDBY] Y461.62 no trade direction
[14:46:37] [600584.SH] [STRENGTH SHADOW] WARMUP minutes=6 components=[0.0, 0.0, 0.0] S=0.000 base=Y66.50 base-trigger=Y67.12 candidate=NOT_READY execution=Y67.12 U0=0.0000 Ul=0.2574 U=0.0000 limit=- reason=INCOMPLETE_MINUTE
[14:47:52] [600584.SH] [QUOTE-HEALTH] FRESH connection=OK quote_time=2026-09-11 14:47:50 age=2.8s last_rpc_success=2026-09-11 14:47:52 last_confirmed_fresh=2026-09-11 14:47:52 reason=source quote within age limit action=LOG_ONLY
[14:48:01] [601869.SH] [STRENGTH SHADOW] WARMUP minutes=1 components=[0.0, 0.0, 0.0] S=0.000 base=Y428.00 base-trigger=Y437.74 candidate=NOT_READY execution=Y437.74 U0=0.0000 Ul=0.2907 U=0.0000 limit=- reason=INCOMPLETE_MINUTE
[14:48:12] [601869.SH] [QUOTE-HEALTH] FRESH connection=OK quote_time=2026-09-11 14:48:07 age=4.4s last_rpc_success=2026-09-11 14:48:11 last_confirmed_fresh=2026-09-11 14:48:11 reason=source quote within age limit action=LOG_ONLY
[14:49:39] [601869.SH] [QUOTE-HEALTH] FRESH connection=OK quote_time=2026-09-11 14:49:37 age=1.9s last_rpc_success=2026-09-11 14:49:38 last_confirmed_fresh=2026-09-11 14:49:38 reason=source quote within age limit action=LOG_ONLY
[14:50:27] [600584.SH] [QUOTE-HEALTH] FRESH connection=OK quote_time=2026-09-11 14:50:23 age=4.2s last_rpc_success=2026-09-11 14:50:27 last_confirmed_fresh=2026-09-11 14:50:27 reason=source quote within age limit action=LOG_ONLY
[14:50:32] [600584.SH] [MA-POS] price Y67.61 | MA5 Y68.39: BELOW -1.15% | MA20 Y74.05: BELOW -8.69%
[14:50:32] [600584.SH] [MA20 RISK] price Y67.61 is below 97% of MA20 (risk line Y71.83)
[14:50:33] [600584.SH] [MA-POS] price Y67.61 | MA5 Y68.39: BELOW -1.15% | MA20 Y74.05: BELOW -8.69%
[14:50:33] [600584.SH] [MA20 RISK] price Y67.61 is below 97% of MA20 (risk line Y71.83)
[14:50:36] [601869.SH] [MA-POS] price Y464.00 | MA5 Y431.83: ABOVE +7.45% | MA20 Y399.72: ABOVE +16.08%
[14:50:39] [601869.SH] [MA-POS] price Y464.00 | MA5 Y431.83: ABOVE +7.45% | MA20 Y399.72: ABOVE +16.08%
[14:50:57] [601869.SH] [STRENGTH SHADOW] WARMUP minutes=6 components=[0.0, 0.0, 0.0] S=0.000 base=Y428.00 base-trigger=Y437.74 candidate=NOT_READY execution=Y437.74 U0=0.0000 Ul=0.2907 U=0.0000 limit=- reason=INCOMPLETE_MINUTE
[14:50:57] [601869.SH] [STANDBY] Y464.01 no trade direction
[14:51:02] [600584.SH] [STANDBY] Y67.64 no trade direction
[14:51:14] [600584.SH] [STRENGTH SHADOW] WARMUP minutes=2 components=[0.0, 0.0, 0.0] S=0.000 base=Y66.50 base-trigger=Y67.12 candidate=NOT_READY execution=Y67.12 U0=0.0000 Ul=0.2574 U=0.0000 limit=- reason=INCOMPLETE_MINUTE
[14:51:14] [600584.SH] [STANDBY] Y67.65 no trade direction
[14:51:26] [601869.SH] [STANDBY] Y463.66 no trade direction
[14:51:41] [600584.SH] [STRENGTH SHADOW] WARMUP minutes=2 components=[0.0, 0.0, 0.0] S=0.000 base=Y66.50 base-trigger=Y67.12 candidate=NOT_READY execution=Y67.12 U0=0.0000 Ul=0.2574 U=0.0000 limit=- reason=INCOMPLETE_MINUTE
[14:52:59] [600584.SH] [QUOTE-HEALTH] FRESH connection=OK quote_time=2026-09-11 14:52:56 age=3.5s last_rpc_success=2026-09-11 14:52:59 last_confirmed_fresh=2026-09-11 14:52:59 reason=source quote within age limit action=LOG_ONLY
[14:53:03] [601869.SH] [STRENGTH SHADOW] WARMUP minutes=0 components=[0.0, 0.0, 0.0] S=0.000 base=Y428.00 base-trigger=Y437.74 candidate=NOT_READY execution=Y437.74 U0=0.0000 Ul=0.2907 U=0.0000 limit=- reason=INCOMPLETE_MINUTE
[14:53:20] [601869.SH] [QUOTE-HEALTH] FRESH connection=OK quote_time=2026-09-11 14:53:16 age=4.3s last_rpc_success=2026-09-11 14:53:20 last_confirmed_fresh=2026-09-11 14:53:20 reason=source quote within age limit action=LOG_ONLY
[14:54:39] [601869.SH] [QUOTE-HEALTH] FRESH connection=OK quote_time=2026-09-11 14:54:37 age=2.7s last_rpc_success=2026-09-11 14:54:39 last_confirmed_fresh=2026-09-11 14:54:39 reason=source quote within age limit action=LOG_ONLY
[14:55:32] [600584.SH] [QUOTE-HEALTH] FRESH connection=OK quote_time=2026-09-11 14:55:29 age=3.4s last_rpc_success=2026-09-11 14:55:32 last_confirmed_fresh=2026-09-11 14:55:32 reason=source quote within age limit action=LOG_ONLY
[14:56:01] [601869.SH] [MOM BLOCKED] MOM short: sellable 0 sh < 100 sh
[14:56:01] [601869.SH] [STRENGTH SHADOW] WARMUP minutes=5 components=[0.0, 0.0, 0.0] S=0.000 base=Y428.00 base-trigger=Y437.74 candidate=NOT_READY execution=Y437.74 U0=0.0000 Ul=0.2907 U=0.0000 limit=- reason=INCOMPLETE_MINUTE
[14:56:01] [601869.SH] [STANDBY] Y470.00 no trade direction
[14:56:05] [600584.SH] [STANDBY] Y67.72 no trade direction
[14:56:17] [600584.SH] [STRENGTH SHADOW] WARMUP minutes=0 components=[0.0, 0.0, 0.0] S=0.000 base=Y66.50 base-trigger=Y67.12 candidate=NOT_READY execution=Y67.12 U0=0.0000 Ul=0.2574 U=0.0000 limit=- reason=INCOMPLETE_MINUTE
[14:56:17] [600584.SH] [STANDBY] Y67.72 no trade direction
[14:56:29] [601869.SH] [STANDBY] Y475.48 no trade direction
[14:56:45] [600584.SH] [STRENGTH SHADOW] WARMUP minutes=2 components=[0.0, 0.0, 0.0] S=0.000 base=Y66.50 base-trigger=Y67.12 candidate=NOT_READY execution=Y67.12 U0=0.0000 Ul=0.2574 U=0.0000 limit=- reason=INCOMPLETE_MINUTE
[14:58:04] [600584.SH] [QUOTE-HEALTH] FRESH connection=OK quote_time=2026-09-11 14:58:02 age=2.1s last_rpc_success=2026-09-11 14:58:04 last_confirmed_fresh=2026-09-11 14:58:04 reason=source quote within age limit action=LOG_ONLY
[14:58:08] [601869.SH] [STRENGTH SHADOW] WARMUP minutes=5 components=[0.0, 0.0, 0.0] S=0.000 base=Y428.00 base-trigger=Y437.74 candidate=NOT_READY execution=Y437.74 U0=0.0000 Ul=0.2907 U=0.0000 limit=- reason=INCOMPLETE_MINUTE
[14:58:53] [601869.SH] [QUOTE-HEALTH] FRESH connection=OK quote_time=2026-09-11 14:58:49 age=4.2s last_rpc_success=2026-09-11 14:58:53 last_confirmed_fresh=2026-09-11 14:58:53 reason=source quote within age limit action=LOG_ONLY
[15:00:02] [601869.SH] [QUOTE-HEALTH] NOT_APPLICABLE connection=OK quote_time=UNKNOWN age=UNKNOWN last_rpc_success=2026-09-11 15:00:01 last_confirmed_fresh=2026-09-11 14:59:39 reason=non-trading session action=LOG_ONLY
[15:00:02] [601869.SH] [STRENGTH SHADOW] NON_TRADING minutes=0; original reference, observation reset
[15:00:02] [600584.SH] [QUOTE-HEALTH] NOT_APPLICABLE connection=OK quote_time=UNKNOWN age=UNKNOWN last_rpc_success=2026-09-11 15:00:02 last_confirmed_fresh=2026-09-11 14:59:45 reason=non-trading session action=LOG_ONLY
[15:00:02] [600584.SH] [STRENGTH SHADOW] NON_TRADING minutes=0; original reference, observation reset
[15:00:04] [600584.SH] [QUOTE-HEALTH] NOT_APPLICABLE connection=OK quote_time=UNKNOWN age=UNKNOWN last_rpc_success=2026-09-11 15:00:04 last_confirmed_fresh=2026-09-11 14:59:30 reason=non-trading session action=LOG_ONLY
[15:00:04] [600584.SH] [STRENGTH SHADOW] NON_TRADING minutes=0; original reference, observation reset
[15:00:06] [601869.SH] [QUOTE-HEALTH] NOT_APPLICABLE connection=OK quote_time=UNKNOWN age=UNKNOWN last_rpc_success=2026-09-11 15:00:06 last_confirmed_fresh=2026-09-11 15:00:00 reason=non-trading session action=LOG_ONLY
[15:00:06] [601869.SH] [STRENGTH SHADOW] NON_TRADING minutes=0; original reference, observation reset
[15:01:05] [600584.SH] [CLOSE 15:01:05]
[15:01:10] [601869.SH] [CLOSE 15:01:10]
[15:01:18] [600584.SH] [CLOSE 15:01:18]
[15:01:35] [601869.SH] [CLOSE 15:01:35]
[15:05:02] [601869.SH] [QUOTE-HEALTH] NOT_APPLICABLE connection=OK quote_time=UNKNOWN age=UNKNOWN last_rpc_success=2026-09-11 15:05:02 last_confirmed_fresh=2026-09-11 14:59:39 reason=non-trading session action=LOG_ONLY
[15:05:04] [600584.SH] [QUOTE-HEALTH] NOT_APPLICABLE connection=OK quote_time=UNKNOWN age=UNKNOWN last_rpc_success=2026-09-11 15:05:04 last_confirmed_fresh=2026-09-11 14:59:45 reason=non-trading session action=LOG_ONLY
[15:05:11] [600584.SH] [QUOTE-HEALTH] NOT_APPLICABLE connection=OK quote_time=UNKNOWN age=UNKNOWN last_rpc_success=2026-09-11 15:05:10 last_confirmed_fresh=2026-09-11 14:59:30 reason=non-trading session action=LOG_ONLY
[15:05:11] [601869.SH] [QUOTE-HEALTH] NOT_APPLICABLE connection=OK quote_time=UNKNOWN age=UNKNOWN last_rpc_success=2026-09-11 15:05:11 last_confirmed_fresh=2026-09-11 15:00:00 reason=non-trading session action=LOG_ONLY
[15:06:06] [600584.SH] [CLOSE 15:06:06]
[15:06:13] [601869.SH] [CLOSE 15:06:13]
[15:06:23] [600584.SH] [CLOSE 15:06:23]
[15:06:37] [601869.SH] [CLOSE 15:06:37]
[15:10:07] [600584.SH] [QUOTE-HEALTH] NOT_APPLICABLE connection=OK quote_time=UNKNOWN age=UNKNOWN last_rpc_success=2026-09-11 15:10:07 last_confirmed_fresh=2026-09-11 14:59:45 reason=non-trading session action=LOG_ONLY
[15:10:07] [601869.SH] [QUOTE-HEALTH] NOT_APPLICABLE connection=OK quote_time=UNKNOWN age=UNKNOWN last_rpc_success=2026-09-11 15:10:07 last_confirmed_fresh=2026-09-11 14:59:39 reason=non-trading session action=LOG_ONLY
[15:10:14] [600584.SH] [QUOTE-HEALTH] NOT_APPLICABLE connection=OK quote_time=UNKNOWN age=UNKNOWN last_rpc_success=2026-09-11 15:10:14 last_confirmed_fresh=2026-09-11 14:59:30 reason=non-trading session action=LOG_ONLY
[15:10:14] [601869.SH] [QUOTE-HEALTH] NOT_APPLICABLE connection=OK quote_time=UNKNOWN age=UNKNOWN last_rpc_success=2026-09-11 15:10:14 last_confirmed_fresh=2026-09-11 15:00:00 reason=non-trading session action=LOG_ONLY
[15:11:10] [600584.SH] [CLOSE 15:11:10]
[15:11:17] [601869.SH] [CLOSE 15:11:17]
[15:11:27] [600584.SH] [CLOSE 15:11:27]
[15:11:42] [601869.SH] [CLOSE 15:11:42]
[15:15:12] [600584.SH] [QUOTE-HEALTH] NOT_APPLICABLE connection=OK quote_time=UNKNOWN age=UNKNOWN last_rpc_success=2026-09-11 15:15:12 last_confirmed_fresh=2026-09-11 14:59:45 reason=non-trading session action=LOG_ONLY
[15:15:12] [601869.SH] [QUOTE-HEALTH] NOT_APPLICABLE connection=OK quote_time=UNKNOWN age=UNKNOWN last_rpc_success=2026-09-11 15:15:12 last_confirmed_fresh=2026-09-11 14:59:39 reason=non-trading session action=LOG_ONLY
[15:15:20] [600584.SH] [QUOTE-HEALTH] NOT_APPLICABLE connection=OK quote_time=UNKNOWN age=UNKNOWN last_rpc_success=2026-09-11 15:15:20 last_confirmed_fresh=2026-09-11 14:59:30 reason=non-trading session action=LOG_ONLY
[15:15:21] [601869.SH] [QUOTE-HEALTH] NOT_APPLICABLE connection=OK quote_time=UNKNOWN age=UNKNOWN last_rpc_success=2026-09-11 15:15:20 last_confirmed_fresh=2026-09-11 15:00:00 reason=non-trading session action=LOG_ONLY
[15:16:16] [600584.SH] [CLOSE 15:16:16]
[15:16:25] [601869.SH] [CLOSE 15:16:25]
[15:16:33] [600584.SH] [CLOSE 15:16:33]
[15:16:48] [601869.SH] [CLOSE 15:16:48]
[15:20:14] [600584.SH] [QUOTE-HEALTH] NOT_APPLICABLE connection=OK quote_time=UNKNOWN age=UNKNOWN last_rpc_success=2026-09-11 15:20:14 last_confirmed_fresh=2026-09-11 14:59:45 reason=non-trading session action=LOG_ONLY
[15:20:15] [601869.SH] [QUOTE-HEALTH] NOT_APPLICABLE connection=OK quote_time=UNKNOWN age=UNKNOWN last_rpc_success=2026-09-11 15:20:14 last_confirmed_fresh=2026-09-11 14:59:39 reason=non-trading session action=LOG_ONLY
[15:20:20] [600584.SH] [QUOTE-HEALTH] NOT_APPLICABLE connection=OK quote_time=UNKNOWN age=UNKNOWN last_rpc_success=2026-09-11 15:20:20 last_confirmed_fresh=2026-09-11 14:59:30 reason=non-trading session action=LOG_ONLY
[15:20:23] [601869.SH] [QUOTE-HEALTH] NOT_APPLICABLE connection=OK quote_time=UNKNOWN age=UNKNOWN last_rpc_success=2026-09-11 15:20:22 last_confirmed_fresh=2026-09-11 15:00:00 reason=non-trading session action=LOG_ONLY
[15:21:17] [600584.SH] [CLOSE 15:21:17]
[15:21:27] [601869.SH] [CLOSE 15:21:27]
[15:21:43] [600584.SH] [CLOSE 15:21:43]
[15:21:48] [601869.SH] [CLOSE 15:21:48]
[15:25:15] [600584.SH] [QUOTE-HEALTH] NOT_APPLICABLE connection=OK quote_time=UNKNOWN age=UNKNOWN last_rpc_success=2026-09-11 15:25:15 last_confirmed_fresh=2026-09-11 14:59:45 reason=non-trading session action=LOG_ONLY
[15:25:16] [601869.SH] [QUOTE-HEALTH] NOT_APPLICABLE connection=OK quote_time=UNKNOWN age=UNKNOWN last_rpc_success=2026-09-11 15:25:15 last_confirmed_fresh=2026-09-11 14:59:39 reason=non-trading session action=LOG_ONLY
[15:25:21] [600584.SH] [QUOTE-HEALTH] NOT_APPLICABLE connection=OK quote_time=UNKNOWN age=UNKNOWN last_rpc_success=2026-09-11 15:25:20 last_confirmed_fresh=2026-09-11 14:59:30 reason=non-trading session action=LOG_ONLY
[15:25:23] [601869.SH] [QUOTE-HEALTH] NOT_APPLICABLE connection=OK quote_time=UNKNOWN age=UNKNOWN last_rpc_success=2026-09-11 15:25:23 last_confirmed_fresh=2026-09-11 15:00:00 reason=non-trading session action=LOG_ONLY
[15:26:18] [600584.SH] [CLOSE 15:26:18]
[15:26:35] [601869.SH] [CLOSE 15:26:35]
[15:26:46] [600584.SH] [CLOSE 15:26:46]
[15:26:50] [601869.SH] [CLOSE 15:26:50]
[15:30:21] [600584.SH] [QUOTE-HEALTH] NOT_APPLICABLE connection=OK quote_time=UNKNOWN age=UNKNOWN last_rpc_success=2026-09-11 15:30:21 last_confirmed_fresh=2026-09-11 14:59:45 reason=non-trading session action=LOG_ONLY
[15:30:21] [601869.SH] [QUOTE-HEALTH] NOT_APPLICABLE connection=OK quote_time=UNKNOWN age=UNKNOWN last_rpc_success=2026-09-11 15:30:21 last_confirmed_fresh=2026-09-11 14:59:39 reason=non-trading session action=LOG_ONLY
[15:30:24] [600584.SH] [QUOTE-HEALTH] NOT_APPLICABLE connection=OK quote_time=UNKNOWN age=UNKNOWN last_rpc_success=2026-09-11 15:30:24 last_confirmed_fresh=2026-09-11 14:59:30 reason=non-trading session action=LOG_ONLY
[15:30:25] [601869.SH] [QUOTE-HEALTH] NOT_APPLICABLE connection=OK quote_time=UNKNOWN age=UNKNOWN last_rpc_success=2026-09-11 15:30:24 last_confirmed_fresh=2026-09-11 15:00:00 reason=non-trading session action=LOG_ONLY
[15:31:23] [600584.SH] [CLOSE 15:31:23]
[15:31:39] [601869.SH] [CLOSE 15:31:39]
[15:31:47] [600584.SH] [CLOSE 15:31:47]
[15:31:54] [601869.SH] [CLOSE 15:31:54]
[15:35:25] [600584.SH] [QUOTE-HEALTH] NOT_APPLICABLE connection=OK quote_time=UNKNOWN age=UNKNOWN last_rpc_success=2026-09-11 15:35:25 last_confirmed_fresh=2026-09-11 14:59:45 reason=non-trading session action=LOG_ONLY
[15:35:26] [601869.SH] [QUOTE-HEALTH] NOT_APPLICABLE connection=OK quote_time=UNKNOWN age=UNKNOWN last_rpc_success=2026-09-11 15:35:25 last_confirmed_fresh=2026-09-11 14:59:39 reason=non-trading session action=LOG_ONLY
[15:35:26] [600584.SH] [QUOTE-HEALTH] NOT_APPLICABLE connection=OK quote_time=UNKNOWN age=UNKNOWN last_rpc_success=2026-09-11 15:35:26 last_confirmed_fresh=2026-09-11 14:59:30 reason=non-trading session action=LOG_ONLY
[15:35:29] [601869.SH] [QUOTE-HEALTH] NOT_APPLICABLE connection=OK quote_time=UNKNOWN age=UNKNOWN last_rpc_success=2026-09-11 15:35:28 last_confirmed_fresh=2026-09-11 15:00:00 reason=non-trading session action=LOG_ONLY
[15:36:28] [600584.SH] [CLOSE 15:36:28]
[15:36:41] [601869.SH] [CLOSE 15:36:41]
[15:36:50] [600584.SH] [CLOSE 15:36:50]
[15:37:00] [601869.SH] [CLOSE 15:37:00]
[15:40:31] [600584.SH] [QUOTE-HEALTH] NOT_APPLICABLE connection=OK quote_time=UNKNOWN age=UNKNOWN last_rpc_success=2026-09-11 15:40:31 last_confirmed_fresh=2026-09-11 14:59:45 reason=non-trading session action=LOG_ONLY
[15:40:31] [600584.SH] [QUOTE-HEALTH] NOT_APPLICABLE connection=OK quote_time=UNKNOWN age=UNKNOWN last_rpc_success=2026-09-11 15:40:31 last_confirmed_fresh=2026-09-11 14:59:30 reason=non-trading session action=LOG_ONLY
[15:40:32] [601869.SH] [QUOTE-HEALTH] NOT_APPLICABLE connection=OK quote_time=UNKNOWN age=UNKNOWN last_rpc_success=2026-09-11 15:40:31 last_confirmed_fresh=2026-09-11 15:00:00 reason=non-trading session action=LOG_ONLY
[15:40:33] [601869.SH] [QUOTE-HEALTH] NOT_APPLICABLE connection=OK quote_time=UNKNOWN age=UNKNOWN last_rpc_success=2026-09-11 15:40:33 last_confirmed_fresh=2026-09-11 14:59:39 reason=non-trading session action=LOG_ONLY
[15:41:33] [600584.SH] [CLOSE 15:41:33]
[15:41:47] [601869.SH] [CLOSE 15:41:47]
[15:41:55] [600584.SH] [CLOSE 15:41:55]
[15:42:08] [601869.SH] [CLOSE 15:42:08]
[15:45:33] [600584.SH] [QUOTE-HEALTH] NOT_APPLICABLE connection=OK quote_time=UNKNOWN age=UNKNOWN last_rpc_success=2026-09-11 15:45:33 last_confirmed_fresh=2026-09-11 14:59:45 reason=non-trading session action=LOG_ONLY
[15:45:33] [600584.SH] [QUOTE-HEALTH] NOT_APPLICABLE connection=OK quote_time=UNKNOWN age=UNKNOWN last_rpc_success=2026-09-11 15:45:33 last_confirmed_fresh=2026-09-11 14:59:30 reason=non-trading session action=LOG_ONLY
[15:45:34] [601869.SH] [QUOTE-HEALTH] NOT_APPLICABLE connection=OK quote_time=UNKNOWN age=UNKNOWN last_rpc_success=2026-09-11 15:45:34 last_confirmed_fresh=2026-09-11 15:00:00 reason=non-trading session action=LOG_ONLY
[15:45:35] [601869.SH] [QUOTE-HEALTH] NOT_APPLICABLE connection=OK quote_time=UNKNOWN age=UNKNOWN last_rpc_success=2026-09-11 15:45:35 last_confirmed_fresh=2026-09-11 14:59:39 reason=non-trading session action=LOG_ONLY
[15:46:35] [600584.SH] [CLOSE 15:46:35]
[15:46:47] [601869.SH] [CLOSE 15:46:47]
[15:46:56] [600584.SH] [CLOSE 15:46:56]
[15:47:10] [601869.SH] [CLOSE 15:47:10]
[15:50:35] [601869.SH] [QUOTE-HEALTH] NOT_APPLICABLE connection=OK quote_time=UNKNOWN age=UNKNOWN last_rpc_success=2026-09-11 15:50:35 last_confirmed_fresh=2026-09-11 15:00:00 reason=non-trading session action=LOG_ONLY
[15:50:39] [601869.SH] [QUOTE-HEALTH] NOT_APPLICABLE connection=OK quote_time=UNKNOWN age=UNKNOWN last_rpc_success=2026-09-11 15:50:39 last_confirmed_fresh=2026-09-11 14:59:39 reason=non-trading session action=LOG_ONLY
[15:50:43] [600584.SH] [QUOTE-HEALTH] NOT_APPLICABLE connection=OK quote_time=UNKNOWN age=UNKNOWN last_rpc_success=2026-09-11 15:50:43 last_confirmed_fresh=2026-09-11 14:59:45 reason=non-trading session action=LOG_ONLY
[15:50:43] [600584.SH] [QUOTE-HEALTH] NOT_APPLICABLE connection=OK quote_time=UNKNOWN age=UNKNOWN last_rpc_success=2026-09-11 15:50:43 last_confirmed_fresh=2026-09-11 14:59:30 reason=non-trading session action=LOG_ONLY
[15:51:36] [600584.SH] [CLOSE 15:51:36]
[15:51:49] [601869.SH] [CLOSE 15:51:49]
[15:51:57] [600584.SH] [CLOSE 15:51:57]
[15:52:13] [601869.SH] [CLOSE 15:52:13]
[15:55:36] [601869.SH] [QUOTE-HEALTH] NOT_APPLICABLE connection=OK quote_time=UNKNOWN age=UNKNOWN last_rpc_success=2026-09-11 15:55:36 last_confirmed_fresh=2026-09-11 15:00:00 reason=non-trading session action=LOG_ONLY
[15:55:40] [601869.SH] [QUOTE-HEALTH] NOT_APPLICABLE connection=OK quote_time=UNKNOWN age=UNKNOWN last_rpc_success=2026-09-11 15:55:40 last_confirmed_fresh=2026-09-11 14:59:39 reason=non-trading session action=LOG_ONLY
[15:55:46] [600584.SH] [QUOTE-HEALTH] NOT_APPLICABLE connection=OK quote_time=UNKNOWN age=UNKNOWN last_rpc_success=2026-09-11 15:55:45 last_confirmed_fresh=2026-09-11 14:59:45 reason=non-trading session action=LOG_ONLY
[15:55:47] [600584.SH] [QUOTE-HEALTH] NOT_APPLICABLE connection=OK quote_time=UNKNOWN age=UNKNOWN last_rpc_success=2026-09-11 15:55:47 last_confirmed_fresh=2026-09-11 14:59:30 reason=non-trading session action=LOG_ONLY
[15:56:37] [600584.SH] [CLOSE 15:56:37]
[15:56:50] [601869.SH] [CLOSE 15:56:50]
[15:56:59] [600584.SH] [CLOSE 15:56:59]
[15:57:14] [601869.SH] [CLOSE 15:57:14]
[16:00:41] [601869.SH] [QUOTE-HEALTH] NOT_APPLICABLE connection=OK quote_time=UNKNOWN age=UNKNOWN last_rpc_success=2026-09-11 16:00:40 last_confirmed_fresh=2026-09-11 15:00:00 reason=non-trading session action=LOG_ONLY
[16:00:45] [601869.SH] [QUOTE-HEALTH] NOT_APPLICABLE connection=OK quote_time=UNKNOWN age=UNKNOWN last_rpc_success=2026-09-11 16:00:45 last_confirmed_fresh=2026-09-11 14:59:39 reason=non-trading session action=LOG_ONLY
[16:00:50] [600584.SH] [QUOTE-HEALTH] NOT_APPLICABLE connection=OK quote_time=UNKNOWN age=UNKNOWN last_rpc_success=2026-09-11 16:00:49 last_confirmed_fresh=2026-09-11 14:59:45 reason=non-trading session action=LOG_ONLY
[16:00:52] [600584.SH] [QUOTE-HEALTH] NOT_APPLICABLE connection=OK quote_time=UNKNOWN age=UNKNOWN last_rpc_success=2026-09-11 16:00:52 last_confirmed_fresh=2026-09-11 14:59:30 reason=non-trading session action=LOG_ONLY
[16:01:41] [600584.SH] [CLOSE 16:01:41]
[16:01:56] [601869.SH] [CLOSE 16:01:56]
[16:02:06] [600584.SH] [CLOSE 16:02:06]
[16:02:21] [601869.SH] [CLOSE 16:02:21]
[16:05:48] [601869.SH] [QUOTE-HEALTH] NOT_APPLICABLE connection=OK quote_time=UNKNOWN age=UNKNOWN last_rpc_success=2026-09-11 16:05:47 last_confirmed_fresh=2026-09-11 15:00:00 reason=non-trading session action=LOG_ONLY
[16:05:56] [600584.SH] [QUOTE-HEALTH] NOT_APPLICABLE connection=OK quote_time=UNKNOWN age=UNKNOWN last_rpc_success=2026-09-11 16:05:56 last_confirmed_fresh=2026-09-11 14:59:45 reason=non-trading session action=LOG_ONLY
[16:05:56] [601869.SH] [QUOTE-HEALTH] NOT_APPLICABLE connection=OK quote_time=UNKNOWN age=UNKNOWN last_rpc_success=2026-09-11 16:05:56 last_confirmed_fresh=2026-09-11 14:59:39 reason=non-trading session action=LOG_ONLY
[16:05:58] [600584.SH] [QUOTE-HEALTH] NOT_APPLICABLE connection=OK quote_time=UNKNOWN age=UNKNOWN last_rpc_success=2026-09-11 16:05:58 last_confirmed_fresh=2026-09-11 14:59:30 reason=non-trading session action=LOG_ONLY
[16:06:49] [600584.SH] [CLOSE 16:06:49]
[16:07:02] [601869.SH] [CLOSE 16:07:02]
[16:07:12] [600584.SH] [CLOSE 16:07:12]
[16:07:31] [601869.SH] [CLOSE 16:07:31]
[16:10:57] [601869.SH] [QUOTE-HEALTH] NOT_APPLICABLE connection=OK quote_time=UNKNOWN age=UNKNOWN last_rpc_success=2026-09-11 16:10:57 last_confirmed_fresh=2026-09-11 15:00:00 reason=non-trading session action=LOG_ONLY
[16:11:03] [600584.SH] [QUOTE-HEALTH] NOT_APPLICABLE connection=OK quote_time=UNKNOWN age=UNKNOWN last_rpc_success=2026-09-11 16:11:03 last_confirmed_fresh=2026-09-11 14:59:45 reason=non-trading session action=LOG_ONLY
[16:11:04] [600584.SH] [QUOTE-HEALTH] NOT_APPLICABLE connection=OK quote_time=UNKNOWN age=UNKNOWN last_rpc_success=2026-09-11 16:11:04 last_confirmed_fresh=2026-09-11 14:59:30 reason=non-trading session action=LOG_ONLY
[16:11:04] [601869.SH] [QUOTE-HEALTH] NOT_APPLICABLE connection=OK quote_time=UNKNOWN age=UNKNOWN last_rpc_success=2026-09-11 16:11:04 last_confirmed_fresh=2026-09-11 14:59:39 reason=non-trading session action=LOG_ONLY
[16:11:54] [600584.SH] [CLOSE 16:11:54]
[16:12:11] [601869.SH] [CLOSE 16:12:11]
[16:12:16] [600584.SH] [CLOSE 16:12:16]
[16:12:39] [601869.SH] [CLOSE 16:12:39]
[16:16:00] [601869.SH] [QUOTE-HEALTH] NOT_APPLICABLE connection=OK quote_time=UNKNOWN age=UNKNOWN last_rpc_success=2026-09-11 16:15:59 last_confirmed_fresh=2026-09-11 15:00:00 reason=non-trading session action=LOG_ONLY
[16:16:06] [600584.SH] [QUOTE-HEALTH] NOT_APPLICABLE connection=OK quote_time=UNKNOWN age=UNKNOWN last_rpc_success=2026-09-11 16:16:06 last_confirmed_fresh=2026-09-11 14:59:45 reason=non-trading session action=LOG_ONLY
[16:16:08] [600584.SH] [QUOTE-HEALTH] NOT_APPLICABLE connection=OK quote_time=UNKNOWN age=UNKNOWN last_rpc_success=2026-09-11 16:16:07 last_confirmed_fresh=2026-09-11 14:59:30 reason=non-trading session action=LOG_ONLY
[16:16:09] [601869.SH] [QUOTE-HEALTH] NOT_APPLICABLE connection=OK quote_time=UNKNOWN age=UNKNOWN last_rpc_success=2026-09-11 16:16:08 last_confirmed_fresh=2026-09-11 14:59:39 reason=non-trading session action=LOG_ONLY
[16:16:58] [600584.SH] [CLOSE 16:16:58]
[16:17:12] [601869.SH] [CLOSE 16:17:12]
[16:17:20] [600584.SH] [CLOSE 16:17:20]
[16:17:42] [601869.SH] [CLOSE 16:17:42]
[16:21:04] [601869.SH] [QUOTE-HEALTH] NOT_APPLICABLE connection=OK quote_time=UNKNOWN age=UNKNOWN last_rpc_success=2026-09-11 16:21:03 last_confirmed_fresh=2026-09-11 15:00:00 reason=non-trading session action=LOG_ONLY
[16:21:07] [600584.SH] [QUOTE-HEALTH] NOT_APPLICABLE connection=OK quote_time=UNKNOWN age=UNKNOWN last_rpc_success=2026-09-11 16:21:07 last_confirmed_fresh=2026-09-11 14:59:45 reason=non-trading session action=LOG_ONLY
[16:21:10] [600584.SH] [QUOTE-HEALTH] NOT_APPLICABLE connection=OK quote_time=UNKNOWN age=UNKNOWN last_rpc_success=2026-09-11 16:21:10 last_confirmed_fresh=2026-09-11 14:59:30 reason=non-trading session action=LOG_ONLY
[16:21:16] [601869.SH] [QUOTE-HEALTH] NOT_APPLICABLE connection=OK quote_time=UNKNOWN age=UNKNOWN last_rpc_success=2026-09-11 16:21:16 last_confirmed_fresh=2026-09-11 14:59:39 reason=non-trading session action=LOG_ONLY
[16:21:59] [600584.SH] [CLOSE 16:21:59]
[16:22:20] [601869.SH] [CLOSE 16:22:20]
[16:22:23] [600584.SH] [CLOSE 16:22:23]
[16:22:52] [601869.SH] [CLOSE 16:22:52]
[16:26:09] [601869.SH] [QUOTE-HEALTH] NOT_APPLICABLE connection=OK quote_time=UNKNOWN age=UNKNOWN last_rpc_success=2026-09-11 16:26:09 last_confirmed_fresh=2026-09-11 15:00:00 reason=non-trading session action=LOG_ONLY
[16:26:10] [600584.SH] [QUOTE-HEALTH] NOT_APPLICABLE connection=OK quote_time=UNKNOWN age=UNKNOWN last_rpc_success=2026-09-11 16:26:09 last_confirmed_fresh=2026-09-11 14:59:45 reason=non-trading session action=LOG_ONLY
[16:26:15] [600584.SH] [QUOTE-HEALTH] NOT_APPLICABLE connection=OK quote_time=UNKNOWN age=UNKNOWN last_rpc_success=2026-09-11 16:26:14 last_confirmed_fresh=2026-09-11 14:59:30 reason=non-trading session action=LOG_ONLY
[16:26:20] [601869.SH] [QUOTE-HEALTH] NOT_APPLICABLE connection=OK quote_time=UNKNOWN age=UNKNOWN last_rpc_success=2026-09-11 16:26:20 last_confirmed_fresh=2026-09-11 14:59:39 reason=non-trading session action=LOG_ONLY
[16:27:01] [600584.SH] [CLOSE 16:27:01]
[16:27:21] [601869.SH] [CLOSE 16:27:21]
[16:27:28] [600584.SH] [CLOSE 16:27:28]
[16:27:55] [601869.SH] [CLOSE 16:27:55]
[16:31:10] [601869.SH] [QUOTE-HEALTH] NOT_APPLICABLE connection=OK quote_time=UNKNOWN age=UNKNOWN last_rpc_success=2026-09-11 16:31:09 last_confirmed_fresh=2026-09-11 15:00:00 reason=non-trading session action=LOG_ONLY
[16:31:15] [600584.SH] [QUOTE-HEALTH] NOT_APPLICABLE connection=OK quote_time=UNKNOWN age=UNKNOWN last_rpc_success=2026-09-11 16:31:15 last_confirmed_fresh=2026-09-11 14:59:45 reason=non-trading session action=LOG_ONLY
[16:31:20] [600584.SH] [QUOTE-HEALTH] NOT_APPLICABLE connection=OK quote_time=UNKNOWN age=UNKNOWN last_rpc_success=2026-09-11 16:31:20 last_confirmed_fresh=2026-09-11 14:59:30 reason=non-trading session action=LOG_ONLY
[16:31:26] [601869.SH] [QUOTE-HEALTH] NOT_APPLICABLE connection=OK quote_time=UNKNOWN age=UNKNOWN last_rpc_success=2026-09-11 16:31:26 last_confirmed_fresh=2026-09-11 14:59:39 reason=non-trading session action=LOG_ONLY
[16:32:07] [600584.SH] [CLOSE 16:32:07]
[16:32:25] [601869.SH] [CLOSE 16:32:25]
[16:32:35] [600584.SH] [CLOSE 16:32:35]
[16:33:02] [601869.SH] [CLOSE 16:33:02]
[16:36:14] [601869.SH] [QUOTE-HEALTH] NOT_APPLICABLE connection=OK quote_time=UNKNOWN age=UNKNOWN last_rpc_success=2026-09-11 16:36:14 last_confirmed_fresh=2026-09-11 15:00:00 reason=non-trading session action=LOG_ONLY
[16:36:21] [600584.SH] [QUOTE-HEALTH] NOT_APPLICABLE connection=OK quote_time=UNKNOWN age=UNKNOWN last_rpc_success=2026-09-11 16:36:21 last_confirmed_fresh=2026-09-11 14:59:45 reason=non-trading session action=LOG_ONLY
[16:36:25] [600584.SH] [QUOTE-HEALTH] NOT_APPLICABLE connection=OK quote_time=UNKNOWN age=UNKNOWN last_rpc_success=2026-09-11 16:36:25 last_confirmed_fresh=2026-09-11 14:59:30 reason=non-trading session action=LOG_ONLY
[16:36:31] [601869.SH] [QUOTE-HEALTH] NOT_APPLICABLE connection=OK quote_time=UNKNOWN age=UNKNOWN last_rpc_success=2026-09-11 16:36:31 last_confirmed_fresh=2026-09-11 14:59:39 reason=non-trading session action=LOG_ONLY
[16:37:14] [600584.SH] [CLOSE 16:37:14]
[16:37:27] [601869.SH] [CLOSE 16:37:27]
[16:37:38] [600584.SH] [CLOSE 16:37:38]
[16:38:06] [601869.SH] [CLOSE 16:38:06]
[16:41:20] [601869.SH] [QUOTE-HEALTH] NOT_APPLICABLE connection=OK quote_time=UNKNOWN age=UNKNOWN last_rpc_success=2026-09-11 16:41:19 last_confirmed_fresh=2026-09-11 15:00:00 reason=non-trading session action=LOG_ONLY
[16:41:26] [600584.SH] [QUOTE-HEALTH] NOT_APPLICABLE connection=OK quote_time=UNKNOWN age=UNKNOWN last_rpc_success=2026-09-11 16:41:26 last_confirmed_fresh=2026-09-11 14:59:45 reason=non-trading session action=LOG_ONLY
[16:41:30] [600584.SH] [QUOTE-HEALTH] NOT_APPLICABLE connection=OK quote_time=UNKNOWN age=UNKNOWN last_rpc_success=2026-09-11 16:41:30 last_confirmed_fresh=2026-09-11 14:59:30 reason=non-trading session action=LOG_ONLY
[16:41:38] [601869.SH] [QUOTE-HEALTH] NOT_APPLICABLE connection=OK quote_time=UNKNOWN age=UNKNOWN last_rpc_success=2026-09-11 16:41:37 last_confirmed_fresh=2026-09-11 14:59:39 reason=non-trading session action=LOG_ONLY
[16:42:19] [600584.SH] [CLOSE 16:42:19]
[16:42:35] [601869.SH] [CLOSE 16:42:35]
[16:42:46] [600584.SH] [CLOSE 16:42:46]
[16:43:06] [601869.SH] [CLOSE 16:43:06]
[16:46:25] [601869.SH] [QUOTE-HEALTH] NOT_APPLICABLE connection=OK quote_time=UNKNOWN age=UNKNOWN last_rpc_success=2026-09-11 16:46:25 last_confirmed_fresh=2026-09-11 15:00:00 reason=non-trading session action=LOG_ONLY
[16:46:30] [600584.SH] [QUOTE-HEALTH] NOT_APPLICABLE connection=OK quote_time=UNKNOWN age=UNKNOWN last_rpc_success=2026-09-11 16:46:30 last_confirmed_fresh=2026-09-11 14:59:45 reason=non-trading session action=LOG_ONLY
[16:46:35] [600584.SH] [QUOTE-HEALTH] NOT_APPLICABLE connection=OK quote_time=UNKNOWN age=UNKNOWN last_rpc_success=2026-09-11 16:46:35 last_confirmed_fresh=2026-09-11 14:59:30 reason=non-trading session action=LOG_ONLY
[16:46:46] [601869.SH] [QUOTE-HEALTH] NOT_APPLICABLE connection=OK quote_time=UNKNOWN age=UNKNOWN last_rpc_success=2026-09-11 16:46:46 last_confirmed_fresh=2026-09-11 14:59:39 reason=non-trading session action=LOG_ONLY
[16:47:23] [600584.SH] [CLOSE 16:47:23]
[16:47:37] [601869.SH] [CLOSE 16:47:37]
[16:47:48] [600584.SH] [CLOSE 16:47:48]
[16:48:18] [601869.SH] [CLOSE 16:48:18]
[16:51:29] [601869.SH] [QUOTE-HEALTH] NOT_APPLICABLE connection=OK quote_time=UNKNOWN age=UNKNOWN last_rpc_success=2026-09-11 16:51:29 last_confirmed_fresh=2026-09-11 15:00:00 reason=non-trading session action=LOG_ONLY
[16:51:39] [600584.SH] [QUOTE-HEALTH] NOT_APPLICABLE connection=OK quote_time=UNKNOWN age=UNKNOWN last_rpc_success=2026-09-11 16:51:39 last_confirmed_fresh=2026-09-11 14:59:45 reason=non-trading session action=LOG_ONLY
[16:51:40] [600584.SH] [QUOTE-HEALTH] NOT_APPLICABLE connection=OK quote_time=UNKNOWN age=UNKNOWN last_rpc_success=2026-09-11 16:51:40 last_confirmed_fresh=2026-09-11 14:59:30 reason=non-trading session action=LOG_ONLY
[16:51:52] [601869.SH] [QUOTE-HEALTH] NOT_APPLICABLE connection=OK quote_time=UNKNOWN age=UNKNOWN last_rpc_success=2026-09-11 16:51:51 last_confirmed_fresh=2026-09-11 14:59:39 reason=non-trading session action=LOG_ONLY
[16:52:33] [600584.SH] [CLOSE 16:52:33]
[16:52:44] [601869.SH] [CLOSE 16:52:44]
[16:52:54] [600584.SH] [CLOSE 16:52:54]
[16:53:20] [601869.SH] [CLOSE 16:53:20]
[16:56:38] [601869.SH] [QUOTE-HEALTH] NOT_APPLICABLE connection=OK quote_time=UNKNOWN age=UNKNOWN last_rpc_success=2026-09-11 16:56:38 last_confirmed_fresh=2026-09-11 15:00:00 reason=non-trading session action=LOG_ONLY
[16:56:48] [600584.SH] [QUOTE-HEALTH] NOT_APPLICABLE connection=OK quote_time=UNKNOWN age=UNKNOWN last_rpc_success=2026-09-11 16:56:48 last_confirmed_fresh=2026-09-11 14:59:45 reason=non-trading session action=LOG_ONLY
[16:56:48] [600584.SH] [QUOTE-HEALTH] NOT_APPLICABLE connection=OK quote_time=UNKNOWN age=UNKNOWN last_rpc_success=2026-09-11 16:56:48 last_confirmed_fresh=2026-09-11 14:59:30 reason=non-trading session action=LOG_ONLY
[16:56:52] [601869.SH] [QUOTE-HEALTH] NOT_APPLICABLE connection=OK quote_time=UNKNOWN age=UNKNOWN last_rpc_success=2026-09-11 16:56:52 last_confirmed_fresh=2026-09-11 14:59:39 reason=non-trading session action=LOG_ONLY
[16:57:41] [600584.SH] [CLOSE 16:57:41]
[16:57:51] [601869.SH] [CLOSE 16:57:51]
[16:58:01] [600584.SH] [CLOSE 16:58:01]
[16:58:20] [601869.SH] [CLOSE 16:58:20]
[17:01:42] [601869.SH] [QUOTE-HEALTH] NOT_APPLICABLE connection=OK quote_time=UNKNOWN age=UNKNOWN last_rpc_success=2026-09-11 17:01:42 last_confirmed_fresh=2026-09-11 15:00:00 reason=non-trading session action=LOG_ONLY
[17:01:52] [600584.SH] [QUOTE-HEALTH] NOT_APPLICABLE connection=OK quote_time=UNKNOWN age=UNKNOWN last_rpc_success=2026-09-11 17:01:52 last_confirmed_fresh=2026-09-11 14:59:45 reason=non-trading session action=LOG_ONLY
[17:01:53] [600584.SH] [QUOTE-HEALTH] NOT_APPLICABLE connection=OK quote_time=UNKNOWN age=UNKNOWN last_rpc_success=2026-09-11 17:01:52 last_confirmed_fresh=2026-09-11 14:59:30 reason=non-trading session action=LOG_ONLY
[17:01:53] [601869.SH] [QUOTE-HEALTH] NOT_APPLICABLE connection=OK quote_time=UNKNOWN age=UNKNOWN last_rpc_success=2026-09-11 17:01:53 last_confirmed_fresh=2026-09-11 14:59:39 reason=non-trading session action=LOG_ONLY
[17:02:45] [600584.SH] [CLOSE 17:02:45]
[17:02:57] [601869.SH] [CLOSE 17:02:57]
[17:03:07] [600584.SH] [CLOSE 17:03:07]
[17:03:29] [601869.SH] [CLOSE 17:03:29]
[17:06:49] [601869.SH] [QUOTE-HEALTH] NOT_APPLICABLE connection=OK quote_time=UNKNOWN age=UNKNOWN last_rpc_success=2026-09-11 17:06:49 last_confirmed_fresh=2026-09-11 15:00:00 reason=non-trading session action=LOG_ONLY
[17:06:59] [600584.SH] [QUOTE-HEALTH] NOT_APPLICABLE connection=OK quote_time=UNKNOWN age=UNKNOWN last_rpc_success=2026-09-11 17:06:59 last_confirmed_fresh=2026-09-11 14:59:45 reason=non-trading session action=LOG_ONLY
[17:07:00] [600584.SH] [QUOTE-HEALTH] NOT_APPLICABLE connection=OK quote_time=UNKNOWN age=UNKNOWN last_rpc_success=2026-09-11 17:07:00 last_confirmed_fresh=2026-09-11 14:59:30 reason=non-trading session action=LOG_ONLY
[17:07:01] [601869.SH] [QUOTE-HEALTH] NOT_APPLICABLE connection=OK quote_time=UNKNOWN age=UNKNOWN last_rpc_success=2026-09-11 17:07:01 last_confirmed_fresh=2026-09-11 14:59:39 reason=non-trading session action=LOG_ONLY
[17:07:52] [600584.SH] [CLOSE 17:07:52]
[17:07:57] [601869.SH] [CLOSE 17:07:57]
[17:08:18] [600584.SH] [CLOSE 17:08:18]
[17:08:39] [601869.SH] [CLOSE 17:08:39]
[17:10:51] [PORTFOLIO-STOP] interrupted
[17:10:51] [600584.SH] [STOP] 长电科技 v52 cum 0 days gross~Y0
[17:10:51] [600584.SH] [STOP] 长电科技 v52 cum 0 days gross~Y0
[17:10:51] [601869.SH] [STOP] 长飞光纤 v52 cum 0 days gross~Y0
[17:10:51] [601869.SH] [STOP] 长飞光纤 v52 cum 0 days gross~Y0

============================================================
  日志结束: 2026-09-11 17:10:52
============================================================
