{
  "A: 100%满仓持有": {
    "name": "A: 100%满仓持有",
    "final_equity": 116420843.65856147,
    "total_return": 2228.4168731712293,
    "ann_return": 458.83937422316797,
    "sharpe": 6.839557869781915,
    "max_dd": -38.55611828628057,
    "final_shares": 222600,
    "shares_added": 0,
    "t_pnl_total": 3224691.689761462,
    "active_days": 170,
    "buyback_days": 0,
    "final_cash": 3226517.658561462
  },
  "B: 70%底仓+T0(不复投)": {
    "name": "B: 70%底仓+T0(不复投)",
    "final_equity": 82972857.99567977,
    "total_return": 1559.4571599135954,
    "ann_return": 364.38639386044326,
    "sharpe": 6.125109424915328,
    "max_dd": -35.76018342419186,
    "final_shares": 155800,
    "shares_added": 0,
    "t_pnl_total": 2245272.745279765,
    "active_days": 170,
    "buyback_days": 0,
    "final_cash": 3746999.9956797655
  },
  "C: 70%底仓+T0+利润复投": {
    "name": "C: 70%底仓+T0+利润复投",
    "final_equity": 122681280.52571344,
    "total_return": 2353.625610514269,
    "ann_return": 475.0712705341427,
    "sharpe": 6.958852306756223,
    "max_dd": -39.428238252421664,
    "final_shares": 241400,
    "shares_added": 85600,
    "t_pnl_total": 3402232.212563439,
    "active_days": 170,
    "buyback_days": 856,
    "final_cash": -73033.47428655607
  },
  "D: 70%底仓+T0+激进复投": {
    "name": "D: 70%底仓+T0+激进复投",
    "final_equity": 105372235.2046244,
    "total_return": 2007.444704092488,
    "ann_return": 429.19422529495074,
    "sharpe": 6.625948122470357,
    "max_dd": -37.79100021442631,
    "final_shares": 200500,
    "shares_added": 44700,
    "t_pnl_total": 2917929.4106244026,
    "active_days": 170,
    "buyback_days": 1,
    "final_cash": 3415980.2046244023
  },
  "E: 50%底仓+T0+利润复投": {
    "name": "E: 50%底仓+T0+利润复投",
    "final_equity": 122670334.31128815,
    "total_return": 2353.4066862257628,
    "ann_return": 475.04322164138205,
    "sharpe": 6.958294393678928,
    "max_dd": -39.42415024881721,
    "final_shares": 241300,
    "shares_added": 130000,
    "t_pnl_total": 3401448.6285881563,
    "active_days": 170,
    "buyback_days": 1300,
    "final_cash": -33128.68871184705
  },
  "F: 30%底仓+T0+利润复投": {
    "name": "F: 30%底仓+T0+利润复投",
    "final_equity": 122630364.34026217,
    "total_return": 2352.6072868052433,
    "ann_return": 474.94079180725697,
    "sharpe": 6.956990546825392,
    "max_dd": -39.42940806605019,
    "final_shares": 241300,
    "shares_added": 174500,
    "t_pnl_total": 3400438.795162245,
    "active_days": 170,
    "buyback_days": 1745,
    "final_cash": -73098.65973782941
  },
  "G: 95%底仓+T0+利润复投": {
    "name": "G: 95%底仓+T0+利润复投",
    "final_equity": 122722577.99294701,
    "total_return": 2354.45155985894,
    "ann_return": 475.17708213099513,
    "sharpe": 6.960298106404473,
    "max_dd": -39.421905782445705,
    "final_shares": 241500,
    "shares_added": 30000,
    "t_pnl_total": 3406106.635947007,
    "active_days": 170,
    "buyback_days": 300,
    "final_cash": -82587.0070529941
  },
  "H: 70%+T0+复投+0.5x融资": {
    "name": "H: 70%+T0+复投+0.5x融资",
    "final_equity": 122681280.52571344,
    "total_return": 2353.625610514269,
    "ann_return": 475.0712705341427,
    "sharpe": 6.958852306756223,
    "max_dd": -39.428238252421664,
    "final_shares": 241400,
    "shares_added": 85600,
    "t_pnl_total": 3402232.212563439,
    "active_days": 170,
    "buyback_days": 856,
    "final_cash": -73033.47428655607
  },
  "I: 70%+T0+复投+1.0x融资": {
    "name": "I: 70%+T0+复投+1.0x融资",
    "final_equity": 122681280.52571344,
    "total_return": 2353.625610514269,
    "ann_return": 475.0712705341427,
    "sharpe": 6.958852306756223,
    "max_dd": -39.428238252421664,
    "final_shares": 241400,
    "shares_added": 85600,
    "t_pnl_total": 3402232.212563439,
    "active_days": 170,
    "buyback_days": 856,
    "final_cash": -73033.47428655607
  }
}