============================================================
  日志文件创建: 2026-08-19 09:10:24
  策略版本: v28 (for MiniQMT Evn)
  标的: 601869
============================================================
[09:10:26] [连接] MiniQMT 行情服务已连接
[09:10:27] [交易] 已订阅账号 8890145315
[09:10:27] [START] 长飞光纤 v28 LIVE 601869.SH
[09:10:27] [SIGNAL] BEAR | Open Y383.60 | ATR 11.1% | RSI 35 | Vol_ratio 1.00 | Mult 0.20 | Trig Y388.73 
[09:10:27] [FACTOR] trend -0.15 |  volatility -0.17 |  volume +0.00 |  RSI +0.10 | 
[09:10:27] [ACCOUNT] Position:200 sh Y76,720(68%) | Cash:Y35,336 | T+0:2 lots(200 sh)
[09:10:27] [REV-T] ✅ 2 lots trig Y388.73 buyback=sell×(1-ATR%×0.15) emerg +3% / emergTrigFalse
[09:10:27] [FWD-T] ✅ 0 lots buy Y375.93 sell Y380.44(+1.2%) 1 lot≈Y38,360
[09:10:27] [MOM] 2min±2×ATR10m(1.0%~6.0%) 反T买回-1.2% 正T卖回+1.5% 1手(100sh) 上限3次 紧急买回关
[09:10:27] [WAIT 09:10:27] to open 19分33秒
[09:15:27] [WAIT 09:15:27] to open 14分33秒
[09:20:27] [WAIT 09:20:27] to open 9分33秒
[09:25:07] [PRE-MKT 09:25:07] computing signal...
[09:25:07] [SIGNAL] BEAR | Open Y383.60 | ATR 11.1% | RSI 35 | Vol_ratio 1.00 | Mult 0.20 | Trig Y388.73 
[09:25:07] [FACTOR] trend -0.15 |  volatility -0.17 |  volume +0.00 |  RSI +0.10 | 
[09:25:07] [ACCOUNT] Position:200 sh Y72,884(68%) | Cash:Y35,336 | T+0:2 lots(200 sh)
[09:25:07] [REV-T] ✅ 2 lots trig Y388.73 buyback=sell×(1-ATR%×0.15) emerg +3% / emergTrigFalse
[09:25:07] [FWD-T] ✅ 0 lots buy Y375.93 sell Y380.44(+1.2%) 1 lot≈Y36,442
[09:25:07] [MOM] 2min±2×ATR10m(1.0%~6.0%) 反T买回-1.2% 正T卖回+1.5% 1手(100sh) 上限3次 紧急买回关
[09:26:07] [PRE-MKT 09:26:07] to open 3分53秒
[09:27:07] [PRE-MKT 09:27:07] to open 2分53秒
[09:28:07] [PRE-MKT 09:28:07] to open 1分53秒
[09:29:07] [PRE-MKT 09:29:07] to open 53秒
[09:30:02] [OPEN] [Y364.42] [REV-T trig Y388.73(need +6.67%)] [FWD-T trig Y375.93(need --3.16%)]
[09:30:02] [FWD-T dip #1/5] Y364.42 <= Y375.93(-3.06%)
[09:30:04] [FWD-T buy trig] low Y364.42 bounce 0.71% → Y367.00
[09:30:04] [FWD-T buy SKIP] 现金 不足: planned 100 actual 96
[09:30:05] [FWD-T dip #1/5] Y367.00 <= Y375.93(-2.38%)
[09:30:07] [HB] BT_DIPPING Y365.00 dip Y365.00 bounce 0.00%
[09:30:13] [FWD-T buy trig] low Y364.65 bounce 0.11% → Y365.04
[09:30:13] [FWD-T buy SKIP] 现金 不足: planned 100 actual 96
[09:30:14] [FWD-T dip #1/5] Y365.04 <= Y375.93(-2.90%)
[09:30:16] [FWD-T buy trig] low Y365.04 bounce 0.47% → Y366.75
[09:30:16] [FWD-T buy SKIP] 现金 不足: planned 100 actual 96
[09:30:17] [FWD-T dip #1/5] Y366.75 <= Y375.93(-2.44%)
[09:30:25] [FWD-T buy trig] low Y364.43 bounce 0.43% → Y366.00
[09:30:25] [FWD-T buy SKIP] 现金 不足: planned 100 actual 96
[09:30:26] [FWD-T dip #1/5] Y366.00 <= Y375.93(-2.64%)
[09:30:37] [FWD-T buy trig] low Y364.46 bounce 0.15% → Y365.00
[09:30:37] [FWD-T buy SKIP] 现金 不足: planned 100 actual 96
[09:30:38] [FWD-T dip #1/5] Y365.00 <= Y375.93(-2.91%)
[09:30:43] [FWD-T buy trig] low Y365.00 bounce 0.41% → Y366.50
[09:30:43] [FWD-T buy SKIP] 现金 不足: planned 100 actual 96
[09:30:44] [FWD-T dip #1/5] Y366.50 <= Y375.93(-2.51%)
[09:30:52] [FWD-T buy trig] low Y364.46 bounce 0.15% → Y365.00
[09:30:52] [FWD-T buy SKIP] 现金 不足: planned 100 actual 96
[09:30:53] [FWD-T dip #1/5] Y365.00 <= Y375.93(-2.91%)
[09:30:58] [FWD-T buy trig] low Y364.32 bounce 0.15% → Y364.88
[09:30:58] [FWD-T buy SKIP] 现金 不足: planned 100 actual 96
[09:30:59] [FWD-T dip #1/5] Y364.88 <= Y375.93(-2.94%)
[09:31:07] [HB] BT_DIPPING Y363.82 dip Y363.82 bounce 0.00%
[09:31:28] [FWD-T buy trig] low Y361.11 bounce 0.14% → Y361.60
[09:31:28] [FWD-T buy SKIP] 现金 不足: planned 100 actual 97
[09:31:29] [FWD-T dip #1/5] Y361.60 <= Y375.93(-3.81%)
[09:31:37] [FWD-T buy trig] low Y361.00 bounce 0.28% → Y362.00
[09:31:37] [FWD-T buy SKIP] 现金 不足: planned 100 actual 97
[09:31:38] [FWD-T dip #1/5] Y362.00 <= Y375.93(-3.71%)
[09:31:40] [FWD-T buy trig] low Y362.00 bounce 0.30% → Y363.10
[09:31:40] [FWD-T buy SKIP] 现金 不足: planned 100 actual 97
[09:31:41] [FWD-T dip #1/5] Y363.10 <= Y375.93(-3.41%)
[09:31:49] [FWD-T buy trig] low Y363.09 bounce 0.12% → Y363.52
[09:31:49] [FWD-T buy SKIP] 现金 不足: planned 100 actual 97
[09:31:50] [FWD-T dip #1/5] Y363.52 <= Y375.93(-3.30%)
[09:32:07] [HB] BT_DIPPING Y362.20 dip Y362.20 bounce 0.00%
[09:32:19] [FWD-T buy trig] low Y362.00 bounce 0.16% → Y362.58
[09:32:19] [FWD-T buy SKIP] 现金 不足: planned 100 actual 97
[09:32:20] [FWD-T dip #1/5] Y362.58 <= Y375.93(-3.55%)
[09:32:22] [FWD-T buy trig] low Y362.58 bounce 0.14% → Y363.10
[09:32:22] [FWD-T buy SKIP] 现金 不足: planned 100 actual 97
[09:32:23] [FWD-T dip #1/5] Y363.10 <= Y375.93(-3.41%)
[09:32:25] [FWD-T buy trig] low Y363.10 bounce 0.11% → Y363.51
[09:32:25] [FWD-T buy SKIP] 现金 不足: planned 100 actual 97
[09:32:26] [FWD-T dip #1/5] Y363.51 <= Y375.93(-3.30%)
[09:32:31] [FWD-T buy trig] low Y363.51 bounce 0.14% → Y364.02
[09:32:31] [FWD-T buy SKIP] 现金 不足: planned 100 actual 96
[09:32:32] [FWD-T dip #1/5] Y364.02 <= Y375.93(-3.17%)
[09:32:37] [FWD-T buy trig] low Y364.02 bounce 0.24% → Y364.88
[09:32:37] [FWD-T buy SKIP] 现金 不足: planned 100 actual 96
[09:32:38] [FWD-T dip #1/5] Y364.88 <= Y375.93(-2.94%)
[09:33:07] [HB] BT_DIPPING Y363.51 dip Y363.51 bounce 0.00%
[09:34:08] [HB] BT_DIPPING Y360.78 dip Y360.70 bounce 0.02%
[09:34:36] [FWD-T buy trig] low Y360.58 bounce 0.17% → Y361.18
[09:34:36] [FWD-T buy SKIP] 现金 不足: planned 100 actual 97
[09:34:37] [FWD-T dip #1/5] Y361.18 <= Y375.93(-3.92%)
[09:34:49] [FWD-T buy trig] low Y361.18 bounce 0.11% → Y361.58
[09:34:49] [FWD-T buy SKIP] 现金 不足: planned 100 actual 97
[09:34:50] [FWD-T dip #1/5] Y361.58 <= Y375.93(-3.82%)
[09:35:01] [FWD-T buy trig] low Y361.58 bounce 0.10% → Y361.95
[09:35:01] [FWD-T buy SKIP] 现金 不足: planned 100 actual 97
[09:35:02] [FWD-T dip #1/5] Y362.00 <= Y375.93(-3.71%)
[09:35:04] [FWD-T buy trig] low Y362.00 bounce 0.24% → Y362.87
[09:35:04] [FWD-T buy SKIP] 现金 不足: planned 100 actual 97
[09:35:05] [FWD-T dip #1/5] Y362.87 <= Y375.93(-3.47%)
[09:35:08] [HB] BT_DIPPING Y362.87 dip Y362.87 bounce 0.00%
[09:35:13] [FWD-T buy trig] low Y362.87 bounce 0.13% → Y363.33
[09:35:13] [FWD-T buy SKIP] 现金 不足: planned 100 actual 97
[09:35:14] [FWD-T dip #1/5] Y363.33 <= Y375.93(-3.35%)
[09:35:25] [FWD-T buy trig] low Y363.33 bounce 0.21% → Y364.10
[09:35:25] [FWD-T buy SKIP] 现金 不足: planned 100 actual 96
[09:35:26] [FWD-T dip #1/5] Y364.10 <= Y375.93(-3.15%)
[09:35:34] [FWD-T buy trig] low Y364.10 bounce 0.11% → Y364.50
[09:35:34] [FWD-T buy SKIP] 现金 不足: planned 100 actual 96
[09:35:35] [FWD-T dip #1/5] Y364.50 <= Y375.93(-3.04%)
[09:35:40] [FWD-T buy trig] low Y364.50 bounce 0.14% → Y365.00
[09:35:40] [FWD-T buy SKIP] 现金 不足: planned 100 actual 96
[09:35:41] [FWD-T dip #1/5] Y365.00 <= Y375.93(-2.91%)
[09:35:46] [FWD-T buy trig] low Y365.00 bounce 0.14% → Y365.52
[09:35:46] [FWD-T buy SKIP] 现金 不足: planned 100 actual 96
[09:35:47] [FWD-T dip #1/5] Y365.52 <= Y375.93(-2.77%)
[09:35:52] [FWD-T buy trig] low Y365.03 bounce 0.11% → Y365.44
[09:35:52] [FWD-T buy SKIP] 现金 不足: planned 100 actual 96
[09:35:53] [FWD-T dip #1/5] Y365.44 <= Y375.93(-2.79%)
[09:36:08] [HB] BT_DIPPING Y365.00 dip Y365.00 bounce 0.00%
[09:36:40] [FWD-T buy trig] low Y364.00 bounce 0.23% → Y364.83
[09:36:40] [FWD-T buy SKIP] 现金 不足: planned 100 actual 96
[09:36:41] [FWD-T dip #1/5] Y364.83 <= Y375.93(-2.95%)
[09:37:08] [HB] BT_DIPPING Y364.96 dip Y364.83 bounce 0.04%
[09:37:13] [FWD-T buy trig] low Y364.83 bounce 0.18% → Y365.47
[09:37:13] [FWD-T buy SKIP] 现金 不足: planned 100 actual 96
[09:37:14] [FWD-T dip #1/5] Y365.47 <= Y375.93(-2.78%)
[09:37:19] [FWD-T buy trig] low Y365.47 bounce 0.14% → Y365.98
[09:37:19] [FWD-T buy SKIP] 现金 不足: planned 100 actual 96
[09:37:20] [FWD-T dip #1/5] Y365.98 <= Y375.93(-2.65%)
[09:37:25] [FWD-T buy trig] low Y365.98 bounce 0.19% → Y366.66
[09:37:25] [FWD-T buy SKIP] 现金 不足: planned 100 actual 96
[09:37:26] [FWD-T dip #1/5] Y366.66 <= Y375.93(-2.47%)
[09:37:31] [FWD-T buy trig] low Y366.10 bounce 0.22% → Y366.90
[09:37:31] [FWD-T buy SKIP] 现金 不足: planned 100 actual 96
[09:37:32] [FWD-T dip #1/5] Y366.90 <= Y375.93(-2.40%)
[09:37:40] [FWD-T buy trig] low Y366.90 bounce 0.16% → Y367.50
[09:37:40] [FWD-T buy SKIP] 现金 不足: planned 100 actual 96
[09:37:41] [FWD-T dip #1/5] Y367.50 <= Y375.93(-2.24%)
[09:37:58] [FWD-T buy trig] low Y365.99 bounce 0.25% → Y366.90
[09:37:58] [FWD-T buy SKIP] 现金 不足: planned 100 actual 96
[09:37:59] [FWD-T dip #1/5] Y366.90 <= Y375.93(-2.40%)
[09:38:08] [HB] BT_DIPPING Y366.66 dip Y366.66 bounce 0.00%
[09:38:22] [FWD-T buy trig] low Y365.00 bounce 0.14% → Y365.52
[09:38:22] [FWD-T buy SKIP] 现金 不足: planned 100 actual 96
[09:38:23] [FWD-T dip #1/5] Y365.52 <= Y375.93(-2.77%)
[09:38:34] [FWD-T buy trig] low Y364.73 bounce 0.22% → Y365.52
[09:38:34] [FWD-T buy SKIP] 现金 不足: planned 100 actual 96
[09:38:35] [FWD-T dip #1/5] Y365.52 <= Y375.93(-2.77%)
[09:38:49] [FWD-T buy trig] low Y365.09 bounce 0.18% → Y365.74
[09:38:49] [FWD-T buy SKIP] 现金 不足: planned 100 actual 96
[09:38:50] [FWD-T dip #1/5] Y365.74 <= Y375.93(-2.71%)
[09:38:55] [FWD-T buy trig] low Y365.00 bounce 0.11% → Y365.39
[09:38:55] [FWD-T buy SKIP] 现金 不足: planned 100 actual 96
[09:38:56] [FWD-T dip #1/5] Y365.39 <= Y375.93(-2.80%)
[09:39:08] [HB] BT_DIPPING Y365.00 dip Y365.00 bounce 0.00%
[09:39:13] [FWD-T buy trig] low Y364.98 bounce 0.11% → Y365.39
[09:39:13] [FWD-T buy SKIP] 现金 不足: planned 100 actual 96
[09:39:14] [FWD-T dip #1/5] Y365.39 <= Y375.93(-2.80%)
[09:39:23] [FWD-T buy trig] low Y365.01 bounce 0.13% → Y365.50
[09:39:23] [FWD-T buy SKIP] 现金 不足: planned 100 actual 96
[09:39:24] [FWD-T dip #1/5] Y365.50 <= Y375.93(-2.77%)
[09:40:08] [HB] BT_DIPPING Y365.65 dip Y365.47 bounce 0.05%
[09:40:55] [FWD-T buy trig] low Y364.00 bounce 0.21% → Y364.76
[09:40:55] [FWD-T buy SKIP] 现金 不足: planned 100 actual 96
[09:40:56] [FWD-T dip #1/5] Y364.76 <= Y375.93(-2.97%)
[09:41:08] [HB] BT_DIPPING Y364.14 dip Y364.11 bounce 0.01%
[09:41:13] [FWD-T buy trig] low Y364.11 bounce 0.38% → Y365.49
[09:41:13] [FWD-T buy SKIP] 现金 不足: planned 100 actual 96
[09:41:14] [FWD-T dip #1/5] Y365.49 <= Y375.93(-2.78%)
[09:41:19] [FWD-T buy trig] low Y365.03 bounce 0.16% → Y365.63
[09:41:19] [FWD-T buy SKIP] 现金 不足: planned 100 actual 96
[09:41:20] [FWD-T dip #1/5] Y365.63 <= Y375.93(-2.74%)
[09:41:55] [FWD-T buy trig] low Y365.37 bounce 0.15% → Y365.91
[09:41:55] [FWD-T buy SKIP] 现金 不足: planned 100 actual 96
[09:41:56] [FWD-T dip #1/5] Y365.91 <= Y375.93(-2.67%)
[09:41:57] [FWD-T buy trig] low Y365.91 bounce 0.15% → Y366.46
[09:41:57] [FWD-T buy SKIP] 现金 不足: planned 100 actual 96
[09:41:58] [FWD-T dip #1/5] Y366.46 <= Y375.93(-2.52%)
[09:42:03] [FWD-T buy trig] low Y366.46 bounce 0.14% → Y366.99
[09:42:03] [FWD-T buy SKIP] 现金 不足: planned 100 actual 96
[09:42:04] [FWD-T dip #1/5] Y366.99 <= Y375.93(-2.38%)
[09:42:08] [HB] BT_DIPPING Y367.30 dip Y366.99 bounce 0.08%
[09:42:12] [FWD-T buy trig] low Y366.99 bounce 0.12% → Y367.42
[09:42:12] [FWD-T buy SKIP] 现金 不足: planned 100 actual 96
[09:42:13] [FWD-T dip #1/5] Y367.42 <= Y375.93(-2.26%)
[09:42:21] [FWD-T buy trig] low Y366.25 bounce 0.13% → Y366.74
[09:42:21] [FWD-T buy SKIP] 现金 不足: planned 100 actual 96
[09:42:22] [FWD-T dip #1/5] Y366.74 <= Y375.93(-2.44%)
[09:42:30] [FWD-T buy trig] low Y366.25 bounce 0.14% → Y366.75
[09:42:30] [FWD-T buy SKIP] 现金 不足: planned 100 actual 96
[09:42:31] [FWD-T dip #1/5] Y366.75 <= Y375.93(-2.44%)
[09:42:36] [FWD-T buy trig] low Y366.25 bounce 0.15% → Y366.80
[09:42:36] [FWD-T buy SKIP] 现金 不足: planned 100 actual 96
[09:42:37] [FWD-T dip #1/5] Y366.80 <= Y375.93(-2.43%)
[09:43:08] [HB] BT_DIPPING Y364.82 dip Y364.63 bounce 0.05%
[09:43:09] [FWD-T buy trig] low Y364.63 bounce 0.24% → Y365.49
[09:43:09] [FWD-T buy SKIP] 现金 不足: planned 100 actual 96
[09:43:10] [FWD-T dip #1/5] Y365.49 <= Y375.93(-2.78%)
[09:43:46] [FWD-T buy trig] low Y364.31 bounce 0.19% → Y365.00
[09:43:46] [FWD-T buy SKIP] 现金 不足: planned 100 actual 96
[09:43:47] [FWD-T dip #1/5] Y365.00 <= Y375.93(-2.91%)
[09:43:49] [FWD-T buy trig] low Y365.00 bounce 0.10% → Y365.38
[09:43:49] [FWD-T buy SKIP] 现金 不足: planned 100 actual 96
[09:43:50] [FWD-T dip #1/5] Y365.38 <= Y375.93(-2.81%)
[09:43:58] [FWD-T buy trig] low Y365.00 bounce 0.14% → Y365.50
[09:43:58] [FWD-T buy SKIP] 现金 不足: planned 100 actual 96
[09:43:59] [FWD-T dip #1/5] Y365.50 <= Y375.93(-2.77%)
[09:44:07] [FWD-T buy trig] low Y365.31 bounce 0.13% → Y365.79
[09:44:07] [FWD-T buy SKIP] 现金 不足: planned 100 actual 96
[09:44:08] [FWD-T dip #1/5] Y365.79 <= Y375.93(-2.70%)
[09:44:09] [HB] BT_DIPPING Y365.79 dip Y365.79 bounce 0.00%
[09:45:09] [HB] BT_DIPPING Y363.56 dip Y363.56 bounce 0.00%
[09:45:46] [MOM dip] 2min -1.00% (2×ATR10m 1.00%) Y361.30 → 探底回升买入监测
[09:45:47] [MOM-HB] 探底回升买入: dip Y361.30 Y361.30 trig±1.00%
[09:46:01] [MOM buy trig] low Y361.06 回升0.12% → Y361.51
[09:46:01] [MOM long SKIP] 现金 不足: planned 100 actual 97
[09:46:01] [FWD-T buy trig] low Y361.06 bounce 0.12% → Y361.51
[09:46:01] [FWD-T buy SKIP] 现金 不足: planned 100 actual 97
[09:46:02] [MOM dip] 2min -1.00% (2×ATR10m 1.00%) Y361.51 → 探底回升买入监测
[09:46:02] [FWD-T dip #1/5] Y361.51 <= Y375.93(-3.84%)
[09:46:09] [HB] BT_DIPPING Y361.37 dip Y361.37 bounce 0.00%
[09:46:25] [MOM buy trig] low Y361.24 回升0.21% → Y362.00
[09:46:25] [MOM long SKIP] 现金 不足: planned 100 actual 97
[09:46:25] [FWD-T buy trig] low Y361.24 bounce 0.21% → Y362.00
[09:46:25] [FWD-T buy SKIP] 现金 不足: planned 100 actual 97
[09:46:26] [FWD-T dip #1/5] Y362.00 <= Y375.93(-3.71%)
[09:46:34] [FWD-T buy trig] low Y362.00 bounce 0.10% → Y362.37
[09:46:34] [FWD-T buy SKIP] 现金 不足: planned 100 actual 97
[09:46:35] [FWD-T dip #1/5] Y362.37 <= Y375.93(-3.61%)
[09:46:40] [FWD-T buy trig] low Y362.36 bounce 0.17% → Y362.97
[09:46:40] [FWD-T buy SKIP] 现金 不足: planned 100 actual 97
[09:46:41] [FWD-T dip #1/5] Y362.97 <= Y375.93(-3.45%)
[09:47:09] [HB] BT_DIPPING Y362.95 dip Y362.91 bounce 0.01%
[09:48:09] [HB] BT_DIPPING Y360.66 dip Y360.66 bounce 0.00%
[09:48:55] [FWD-T buy trig] low Y360.00 bounce 0.12% → Y360.42
[09:48:55] [FWD-T buy SKIP] 现金 不足: planned 100 actual 97
[09:48:56] [FWD-T dip #1/5] Y360.42 <= Y375.93(-4.13%)
[09:49:09] [HB] BT_DIPPING Y360.50 dip Y360.42 bounce 0.02%
[09:49:13] [FWD-T buy trig] low Y360.42 bounce 0.11% → Y360.81
[09:49:13] [FWD-T buy SKIP] 现金 不足: planned 100 actual 97
[09:49:14] [FWD-T dip #1/5] Y360.81 <= Y375.93(-4.02%)
[09:49:16] [FWD-T buy trig] low Y360.81 bounce 0.14% → Y361.30
[09:49:16] [FWD-T buy SKIP] 现金 不足: planned 100 actual 97
[09:49:17] [FWD-T dip #1/5] Y361.30 <= Y375.93(-3.89%)
[09:49:28] [FWD-T buy trig] low Y361.11 bounce 0.16% → Y361.67
[09:49:28] [FWD-T buy SKIP] 现金 不足: planned 100 actual 97
[09:49:29] [FWD-T dip #1/5] Y361.67 <= Y375.93(-3.79%)
[09:49:40] [FWD-T buy trig] low Y361.67 bounce 0.19% → Y362.37
[09:49:40] [FWD-T buy SKIP] 现金 不足: planned 100 actual 97
[09:49:41] [FWD-T dip #1/5] Y362.37 <= Y375.93(-3.61%)
[09:50:09] [HB] BT_DIPPING Y362.01 dip Y362.00 bounce 0.00%
[09:51:09] [HB] BT_DIPPING Y361.85 dip Y361.63 bounce 0.06%
[09:52:09] [HB] BT_DIPPING Y361.01 dip Y360.81 bounce 0.06%
[09:52:12] [FWD-T buy trig] low Y360.81 bounce 0.21% → Y361.56
[09:52:12] [FWD-T buy SKIP] 现金 不足: planned 100 actual 97
[09:52:13] [FWD-T dip #1/5] Y361.56 <= Y375.93(-3.82%)
[09:52:24] [FWD-T buy trig] low Y361.56 bounce 0.26% → Y362.50
[09:52:24] [FWD-T buy SKIP] 现金 不足: planned 100 actual 97
[09:52:25] [FWD-T dip #1/5] Y362.50 <= Y375.93(-3.57%)
[09:52:33] [FWD-T buy trig] low Y362.27 bounce 0.16% → Y362.84
[09:52:33] [FWD-T buy SKIP] 现金 不足: planned 100 actual 97
[09:52:34] [FWD-T dip #1/5] Y362.84 <= Y375.93(-3.48%)
[09:53:09] [FWD-T buy trig] low Y362.02 bounce 0.17% → Y362.62
[09:53:09] [FWD-T buy SKIP] 现金 不足: planned 100 actual 97
[09:53:09] [HB] IDLE Y362.62 REV-T: need +26.11 to Y388.73 | FWD-T: need! +9.47 to Y372.09
[09:53:10] [FWD-T dip #1/5] Y362.62 <= Y372.09(-2.55%)
[09:53:24] [FWD-T buy trig] low Y362.62 bounce 0.10% → Y363.00
[09:53:24] [FWD-T buy SKIP] 现金 不足: planned 100 actual 97
[09:53:25] [FWD-T dip #1/5] Y363.00 <= Y372.09(-2.44%)
[09:53:30] [FWD-T buy trig] low Y363.00 bounce 0.11% → Y363.40
[09:53:30] [FWD-T buy SKIP] 现金 不足: planned 100 actual 97
[09:53:31] [FWD-T dip #1/5] Y363.40 <= Y372.09(-2.34%)
[09:53:42] [FWD-T buy trig] low Y363.37 bounce 0.10% → Y363.74
[09:53:42] [FWD-T buy SKIP] 现金 不足: planned 100 actual 97
[09:53:43] [FWD-T dip #1/5] Y363.74 <= Y372.09(-2.24%)
[09:53:48] [FWD-T buy trig] low Y363.63 bounce 0.12% → Y364.07
[09:53:48] [FWD-T buy SKIP] 现金 不足: planned 100 actual 96
[09:53:49] [FWD-T dip #1/5] Y364.07 <= Y372.09(-2.16%)
[09:54:04] [FWD-T buy trig] low Y363.97 bounce 0.12% → Y364.41
[09:54:04] [FWD-T buy SKIP] 现金 不足: planned 100 actual 96
[09:54:05] [FWD-T dip #1/5] Y364.41 <= Y372.09(-2.06%)
[09:54:10] [HB] BT_DIPPING Y364.33 dip Y364.33 bounce 0.00%
[09:55:01] [FWD-T buy trig] low Y362.04 bounce 0.12% → Y362.46
[09:55:01] [FWD-T buy SKIP] 现金 不足: planned 100 actual 97
[09:55:02] [FWD-T dip #1/5] Y362.46 <= Y372.09(-2.59%)
[09:55:10] [HB] BT_DIPPING Y362.46 dip Y362.46 bounce 0.00%
[09:55:13] [FWD-T buy trig] low Y362.46 bounce 0.13% → Y362.92
[09:55:13] [FWD-T buy SKIP] 现金 不足: planned 100 actual 97
[09:55:14] [FWD-T dip #1/5] Y362.92 <= Y372.09(-2.46%)
[09:56:10] [HB] BT_DIPPING Y361.56 dip Y361.56 bounce 0.00%
[09:56:34] [FWD-T buy trig] low Y361.30 bounce 0.11% → Y361.69
[09:56:34] [FWD-T buy SKIP] 现金 不足: planned 100 actual 97
[09:56:35] [FWD-T dip #1/5] Y361.69 <= Y372.09(-2.80%)
[09:57:10] [HB] BT_DIPPING Y361.59 dip Y361.30 bounce 0.08%
[09:57:16] [FWD-T buy trig] low Y361.30 bounce 0.11% → Y361.70
[09:57:16] [FWD-T buy SKIP] 现金 不足: planned 100 actual 97
[09:57:17] [FWD-T dip #1/5] Y361.70 <= Y372.09(-2.79%)
[09:57:52] [FWD-T buy trig] low Y361.57 bounce 0.12% → Y362.00
[09:57:52] [FWD-T buy SKIP] 现金 不足: planned 100 actual 97
[09:57:53] [FWD-T dip #1/5] Y362.00 <= Y372.09(-2.71%)
[09:57:58] [FWD-T buy trig] low Y362.00 bounce 0.26% → Y362.95
[09:57:58] [FWD-T buy SKIP] 现金 不足: planned 100 actual 97
[09:57:59] [FWD-T dip #1/5] Y362.95 <= Y372.09(-2.46%)
[09:58:07] [FWD-T buy trig] low Y362.95 bounce 0.18% → Y363.60
[09:58:07] [FWD-T buy SKIP] 现金 不足: planned 100 actual 97
[09:58:08] [FWD-T dip #1/5] Y363.60 <= Y372.09(-2.28%)
[09:58:10] [HB] BT_DIPPING Y363.60 dip Y363.60 bounce 0.00%
[09:58:28] [FWD-T buy trig] low Y363.00 bounce 0.28% → Y364.00
[09:58:28] [FWD-T buy SKIP] 现金 不足: planned 100 actual 96
[09:58:29] [FWD-T dip #1/5] Y364.00 <= Y372.09(-2.17%)
[09:59:10] [HB] BT_DIPPING Y362.49 dip Y362.49 bounce 0.00%
[09:59:40] [FWD-T buy trig] low Y361.51 bounce 0.10% → Y361.88
[09:59:40] [FWD-T buy SKIP] 现金 不足: planned 100 actual 97
[09:59:41] [FWD-T dip #1/5] Y361.88 <= Y372.09(-2.74%)
[10:00:10] [HB] BT_DIPPING Y361.74 dip Y361.60 bounce 0.04%
[10:00:49] [FWD-T buy trig] low Y361.58 bounce 0.21% → Y362.33
[10:00:49] [FWD-T buy SKIP] 现金 不足: planned 100 actual 97
[10:00:50] [FWD-T dip #1/5] Y362.33 <= Y372.09(-2.62%)
[10:01:07] [FWD-T buy trig] low Y361.70 bounce 0.17% → Y362.30
[10:01:07] [FWD-T buy SKIP] 现金 不足: planned 100 actual 97
[10:01:08] [FWD-T dip #1/5] Y362.30 <= Y372.09(-2.63%)
[10:01:10] [HB] BT_DIPPING Y362.30 dip Y362.30 bounce 0.00%
[10:01:16] [FWD-T buy trig] low Y361.90 bounce 0.11% → Y362.30
[10:01:16] [FWD-T buy SKIP] 现金 不足: planned 100 actual 97
[10:01:17] [FWD-T dip #1/5] Y362.30 <= Y372.09(-2.63%)
[10:01:43] [FWD-T buy trig] low Y361.89 bounce 0.28% → Y362.89
[10:01:43] [FWD-T buy SKIP] 现金 不足: planned 100 actual 97
[10:01:44] [FWD-T dip #1/5] Y362.89 <= Y372.09(-2.47%)
[10:01:55] [FWD-T buy trig] low Y362.51 bounce 0.10% → Y362.89
[10:01:55] [FWD-T buy SKIP] 现金 不足: planned 100 actual 97
[10:01:56] [FWD-T dip #1/5] Y362.89 <= Y372.09(-2.47%)
[10:02:01] [FWD-T buy trig] low Y362.52 bounce 0.10% → Y362.89
[10:02:01] [FWD-T buy SKIP] 现金 不足: planned 100 actual 97
[10:02:02] [FWD-T dip #1/5] Y362.89 <= Y372.09(-2.47%)
[10:02:10] [HB] BT_DIPPING Y362.99 dip Y362.72 bounce 0.07%
[10:02:28] [FWD-T buy trig] low Y362.70 bounce 0.25% → Y363.60
[10:02:28] [FWD-T buy SKIP] 现金 不足: planned 100 actual 97
[10:02:29] [FWD-T dip #1/5] Y363.60 <= Y372.09(-2.28%)
[10:02:34] [FWD-T buy trig] low Y363.60 bounce 0.11% → Y363.99
[10:02:34] [FWD-T buy SKIP] 现金 不足: planned 100 actual 96
[10:02:35] [FWD-T dip #1/5] Y363.99 <= Y372.09(-2.18%)
[10:03:10] [HB] BT_DIPPING Y364.08 dip Y363.91 bounce 0.05%
[10:03:21] [FWD-T buy trig] low Y363.91 bounce 0.11% → Y364.31
[10:03:21] [FWD-T buy SKIP] 现金 不足: planned 100 actual 96
[10:03:22] [FWD-T dip #1/5] Y364.31 <= Y372.09(-2.09%)
[10:04:10] [HB] BT_DIPPING Y363.90 dip Y363.90 bounce 0.00%
[10:04:33] [FWD-T buy trig] low Y363.00 bounce 0.15% → Y363.53
[10:04:33] [FWD-T buy SKIP] 现金 不足: planned 100 actual 97
[10:04:34] [FWD-T dip #1/5] Y363.53 <= Y372.09(-2.30%)
[10:05:10] [HB] BT_DIPPING Y362.38 dip Y362.38 bounce 0.00%
[10:06:11] [HB] BT_DIPPING Y362.03 dip Y362.03 bounce 0.00%
[10:07:11] [HB] BT_DIPPING Y360.50 dip Y360.50 bounce 0.00%
[10:07:46] [MOM dip] 2min -1.00% (2×ATR10m 1.00%) Y358.68 → 探底回升买入监测
[10:07:47] [MOM-HB] 探底回升买入: dip Y358.68 Y358.68 trig±1.00%
[10:07:52] [MOM buy trig] low Y358.68 回升0.33% → Y359.88
[10:07:52] [MOM long SKIP] 现金 不足: planned 100 actual 98
[10:07:52] [FWD-T buy trig] low Y358.68 bounce 0.33% → Y359.88
[10:07:52] [FWD-T buy SKIP] 现金 不足: planned 100 actual 98
[10:07:53] [FWD-T dip #1/5] Y359.88 <= Y372.09(-3.28%)
[10:08:04] [FWD-T buy trig] low Y359.88 bounce 0.12% → Y360.32
[10:08:04] [FWD-T buy SKIP] 现金 不足: planned 100 actual 97
[10:08:05] [FWD-T dip #1/5] Y360.32 <= Y372.09(-3.16%)
[10:08:11] [HB] BT_DIPPING Y360.32 dip Y360.32 bounce 0.00%
[10:08:40] [FWD-T buy trig] low Y360.23 bounce 0.15% → Y360.78
[10:08:40] [FWD-T buy SKIP] 现金 不足: planned 100 actual 97
[10:08:41] [FWD-T dip #1/5] Y360.78 <= Y372.09(-3.04%)
[10:09:11] [HB] BT_DIPPING Y360.06 dip Y360.06 bounce 0.00%
[10:09:37] [FWD-T buy trig] low Y360.00 bounce 0.14% → Y360.50
[10:09:37] [FWD-T buy SKIP] 现金 不足: planned 100 actual 97
[10:09:38] [FWD-T dip #1/5] Y360.50 <= Y372.09(-3.11%)
[10:09:49] [FWD-T buy trig] low Y360.50 bounce 0.16% → Y361.06
[10:09:49] [FWD-T buy SKIP] 现金 不足: planned 100 actual 97
[10:09:50] [FWD-T dip #1/5] Y361.06 <= Y372.09(-2.96%)
[10:10:01] [FWD-T buy trig] low Y361.00 bounce 0.12% → Y361.45
[10:10:01] [FWD-T buy SKIP] 现金 不足: planned 100 actual 97
[10:10:02] [FWD-T dip #1/5] Y361.45 <= Y372.09(-2.86%)
[10:10:11] [HB] BT_DIPPING Y360.86 dip Y360.86 bounce 0.00%
[10:11:11] [HB] BT_DIPPING Y359.66 dip Y359.66 bounce 0.00%
[10:11:34] [FWD-T buy trig] low Y359.00 bounce 0.18% → Y359.66
[10:11:34] [FWD-T buy SKIP] 现金 不足: planned 100 actual 98
[10:11:35] [FWD-T dip #1/5] Y359.66 <= Y372.09(-3.34%)
[10:12:04] [FWD-T buy trig] low Y359.00 bounce 0.19% → Y359.69
[10:12:04] [FWD-T buy SKIP] 现金 不足: planned 100 actual 98
[10:12:05] [FWD-T dip #1/5] Y359.69 <= Y372.09(-3.33%)
[10:12:11] [HB] BT_DIPPING Y359.99 dip Y359.69 bounce 0.08%
[10:12:49] [FWD-T buy trig] low Y359.51 bounce 0.12% → Y359.95
[10:12:49] [FWD-T buy SKIP] 现金 不足: planned 100 actual 98
[10:12:50] [FWD-T dip #1/5] Y359.95 <= Y372.09(-3.26%)
[10:13:11] [HB] BT_DIPPING Y359.12 dip Y359.12 bounce 0.00%
[10:14:11] [HB] BT_DIPPING Y358.23 dip Y358.23 bounce 0.00%
[10:15:11] [HB] BT_DIPPING Y357.72 dip Y357.50 bounce 0.06%
[10:15:15] [FWD-T buy trig] low Y357.50 bounce 0.14% → Y357.99
[10:15:15] [FWD-T buy SKIP] 现金 不足: planned 100 actual 98
[10:15:16] [FWD-T dip #1/5] Y357.99 <= Y372.09(-3.79%)
[10:16:03] [FWD-T buy trig] low Y357.00 bounce 0.11% → Y357.40
[10:16:03] [FWD-T buy SKIP] 现金 不足: planned 100 actual 98
[10:16:04] [FWD-T dip #1/5] Y357.40 <= Y372.09(-3.95%)
[10:16:11] [HB] BT_DIPPING Y357.00 dip Y357.00 bounce 0.00%
[10:16:15] [FWD-T buy trig] low Y357.00 bounce 0.11% → Y357.40
[10:16:15] [FWD-T buy SKIP] 现金 不足: planned 100 actual 98
[10:16:16] [FWD-T dip #1/5] Y357.40 <= Y372.09(-3.95%)
[10:16:39] [FWD-T buy trig] low Y357.31 bounce 0.19% → Y358.00
[10:16:39] [FWD-T buy SKIP] 现金 不足: planned 100 actual 98
[10:16:41] [FWD-T dip #1/5] Y358.00 <= Y372.09(-3.79%)
[10:17:12] [HB] BT_DIPPING Y357.39 dip Y357.39 bounce 0.00%
[10:18:10] [FWD-T buy trig] low Y356.58 bounce 0.11% → Y356.97
[10:18:10] [FWD-T buy SKIP] 现金 不足: planned 100 actual 98
[10:18:11] [FWD-T dip #1/5] Y356.97 <= Y372.09(-4.06%)
[10:18:12] [HB] BT_DIPPING Y356.97 dip Y356.97 bounce 0.00%
[10:19:12] [HB] BT_DIPPING Y356.00 dip Y356.00 bounce 0.00%
[10:19:58] [FWD-T buy trig] low Y354.95 bounce 0.12% → Y355.39
[10:19:58] [FWD-T buy SKIP] 现金 不足: planned 100 actual 99
[10:19:59] [FWD-T dip #1/5] Y355.39 <= Y372.09(-4.49%)
[10:20:12] [HB] BT_DIPPING Y355.03 dip Y355.03 bounce 0.00%
[10:20:19] [FWD-T buy trig] low Y355.03 bounce 0.13% → Y355.48
[10:20:19] [FWD-T buy SKIP] 现金 不足: planned 100 actual 99
[10:20:20] [FWD-T dip #1/5] Y355.48 <= Y372.09(-4.46%)
[10:20:22] [FWD-T buy trig] low Y355.48 bounce 0.11% → Y355.86
[10:20:22] [FWD-T buy SKIP] 现金 不足: planned 100 actual 99
[10:20:23] [FWD-T dip #1/5] Y355.86 <= Y372.09(-4.36%)
[10:20:25] [FWD-T buy trig] low Y355.86 bounce 0.22% → Y356.66
[10:20:25] [FWD-T buy SKIP] 现金 不足: planned 100 actual 98
[10:20:26] [FWD-T dip #1/5] Y356.66 <= Y372.09(-4.15%)
[10:20:28] [FWD-T buy trig] low Y356.66 bounce 0.13% → Y357.11
[10:20:28] [FWD-T buy SKIP] 现金 不足: planned 100 actual 98
[10:20:29] [FWD-T dip #1/5] Y357.11 <= Y372.09(-4.03%)
[10:20:34] [FWD-T buy trig] low Y357.11 bounce 0.16% → Y357.69
[10:20:34] [FWD-T buy SKIP] 现金 不足: planned 100 actual 98
[10:20:35] [FWD-T dip #1/5] Y357.69 <= Y372.09(-3.87%)
[10:20:52] [FWD-T buy trig] low Y357.00 bounce 0.21% → Y357.74
[10:20:52] [FWD-T buy SKIP] 现金 不足: planned 100 actual 98
[10:20:53] [FWD-T dip #1/5] Y357.74 <= Y372.09(-3.86%)
[10:21:12] [HB] BT_DIPPING Y357.73 dip Y357.73 bounce 0.00%
[10:21:46] [FWD-T buy trig] low Y357.00 bounce 0.19% → Y357.69
[10:21:46] [FWD-T buy SKIP] 现金 不足: planned 100 actual 98
[10:21:47] [FWD-T dip #1/5] Y357.69 <= Y372.09(-3.87%)
[10:22:12] [HB] BT_DIPPING Y357.78 dip Y357.50 bounce 0.08%
[10:22:16] [FWD-T buy trig] low Y357.50 bounce 0.11% → Y357.89
[10:22:16] [FWD-T buy SKIP] 现金 不足: planned 100 actual 98
[10:22:17] [FWD-T dip #1/5] Y357.89 <= Y372.09(-3.82%)
[10:22:46] [FWD-T buy trig] low Y357.48 bounce 0.11% → Y357.88
[10:22:46] [FWD-T buy SKIP] 现金 不足: planned 100 actual 98
[10:22:47] [FWD-T dip #1/5] Y357.88 <= Y372.09(-3.82%)
[10:23:01] [FWD-T buy trig] low Y357.88 bounce 0.10% → Y358.24
[10:23:01] [FWD-T buy SKIP] 现金 不足: planned 100 actual 98
[10:23:02] [FWD-T dip #1/5] Y358.24 <= Y372.09(-3.72%)
[10:23:12] [HB] BT_DIPPING Y358.43 dip Y358.24 bounce 0.05%
[10:23:31] [FWD-T buy trig] low Y358.24 bounce 0.10% → Y358.61
[10:23:31] [FWD-T buy SKIP] 现金 不足: planned 100 actual 98
[10:23:32] [FWD-T dip #1/5] Y358.61 <= Y372.09(-3.62%)
[10:23:55] [FWD-T buy trig] low Y358.61 bounce 0.14% → Y359.12
[10:23:55] [FWD-T buy SKIP] 现金 不足: planned 100 actual 98
[10:23:56] [FWD-T dip #1/5] Y359.12 <= Y372.09(-3.49%)
[10:24:01] [FWD-T buy trig] low Y359.12 bounce 0.11% → Y359.51
[10:24:01] [FWD-T buy SKIP] 现金 不足: planned 100 actual 98
[10:24:02] [FWD-T dip #1/5] Y359.51 <= Y372.09(-3.38%)
[10:24:04] [FWD-T buy trig] low Y359.51 bounce 0.10% → Y359.88
[10:24:04] [FWD-T buy SKIP] 现金 不足: planned 100 actual 98
[10:24:05] [FWD-T dip #1/5] Y359.88 <= Y372.09(-3.28%)
[10:24:12] [HB] BT_DIPPING Y360.00 dip Y359.88 bounce 0.03%
[10:24:25] [FWD-T buy trig] low Y359.88 bounce 0.11% → Y360.28
[10:24:25] [FWD-T buy SKIP] 现金 不足: planned 100 actual 97
[10:24:26] [FWD-T dip #1/5] Y360.28 <= Y372.09(-3.17%)
[10:25:12] [HB] BT_DIPPING Y358.65 dip Y358.65 bounce 0.00%
[10:25:30] [FWD-T buy trig] low Y358.00 bounce 0.16% → Y358.58
[10:25:30] [FWD-T buy SKIP] 现金 不足: planned 100 actual 98
[10:25:31] [FWD-T dip #1/5] Y358.58 <= Y372.09(-3.63%)
[10:26:03] [FWD-T buy trig] low Y357.84 bounce 0.10% → Y358.21
[10:26:03] [FWD-T buy SKIP] 现金 不足: planned 100 actual 98
[10:26:04] [FWD-T dip #1/5] Y358.21 <= Y372.09(-3.73%)
[10:26:12] [HB] BT_DIPPING Y358.51 dip Y358.21 bounce 0.08%
[10:26:15] [FWD-T buy trig] low Y358.21 bounce 0.13% → Y358.66
[10:26:15] [FWD-T buy SKIP] 现金 不足: planned 100 actual 98
[10:26:16] [FWD-T dip #1/5] Y358.66 <= Y372.09(-3.61%)
[10:26:30] [FWD-T buy trig] low Y358.66 bounce 0.15% → Y359.21
[10:26:30] [FWD-T buy SKIP] 现金 不足: planned 100 actual 98
[10:26:31] [FWD-T dip #1/5] Y359.21 <= Y372.09(-3.46%)
[10:26:42] [FWD-T buy trig] low Y359.21 bounce 0.11% → Y359.60
[10:26:42] [FWD-T buy SKIP] 现金 不足: planned 100 actual 98
[10:26:43] [FWD-T dip #1/5] Y359.60 <= Y372.09(-3.36%)
[10:27:12] [HB] BT_DIPPING Y359.19 dip Y359.19 bounce 0.00%
[10:27:43] [FWD-T buy trig] low Y358.49 bounce 0.12% → Y358.92
[10:27:43] [FWD-T buy SKIP] 现金 不足: planned 100 actual 98
[10:27:44] [FWD-T dip #1/5] Y358.92 <= Y372.09(-3.54%)
[10:28:01] [FWD-T buy trig] low Y358.49 bounce 0.12% → Y358.92
[10:28:01] [FWD-T buy SKIP] 现金 不足: planned 100 actual 98
[10:28:02] [FWD-T dip #1/5] Y358.92 <= Y372.09(-3.54%)
[10:28:07] [FWD-T buy trig] low Y358.45 bounce 0.13% → Y358.93
[10:28:07] [FWD-T buy SKIP] 现金 不足: planned 100 actual 98
[10:28:08] [FWD-T dip #1/5] Y358.93 <= Y372.09(-3.54%)
[10:28:13] [HB] BT_DIPPING Y358.39 dip Y358.32 bounce 0.02%
[10:29:13] [HB] BT_DIPPING Y356.30 dip Y356.27 bounce 0.01%
[10:29:42] [MOM dip] 2min -1.00% (2×ATR10m 1.00%) Y355.21 → 探底回升买入监测
[10:29:43] [MOM-HB] 探底回升买入: dip Y355.21 Y355.47 trig±1.00%
[10:30:13] [HB] BT_DIPPING Y355.00 dip Y354.99 bounce 0.00%
[10:30:43] [MOM-HB] 探底回升买入: dip Y354.51 Y354.51 trig±1.00%
[10:31:13] [HB] BT_DIPPING Y353.06 dip Y353.06 bounce 0.00%
[10:31:43] [MOM-HB] 探底回升买入: dip Y353.00 Y353.00 trig±1.00%
[10:32:07] [MOM buy trig] low Y352.39 回升0.28% → Y353.36
[10:32:07] [MOM long SKIP] 现金 不足: planned 100 actual 99
[10:32:07] [FWD-T buy trig] low Y352.39 bounce 0.28% → Y353.36
[10:32:07] [FWD-T buy SKIP] 现金 不足: planned 100 actual 99
[10:32:08] [FWD-T dip #1/5] Y353.36 <= Y372.09(-5.03%)
[10:32:13] [HB] BT_DIPPING Y352.71 dip Y352.71 bounce 0.00%
[10:32:16] [FWD-T buy trig] low Y352.71 bounce 0.18% → Y353.35
[10:32:16] [FWD-T buy SKIP] 现金 不足: planned 100 actual 99
[10:32:17] [FWD-T dip #1/5] Y353.35 <= Y372.09(-5.04%)
[10:32:34] [FWD-T buy trig] low Y353.04 bounce 0.10% → Y353.41
[10:32:34] [FWD-T buy SKIP] 现金 不足: planned 100 actual 99
[10:32:35] [FWD-T dip #1/5] Y353.41 <= Y372.09(-5.02%)
[10:32:40] [FWD-T buy trig] low Y353.41 bounce 0.12% → Y353.84
[10:32:40] [FWD-T buy SKIP] 现金 不足: planned 100 actual 99
[10:32:41] [FWD-T dip #1/5] Y353.84 <= Y372.09(-4.90%)
[10:33:13] [HB] BT_DIPPING Y352.98 dip Y352.98 bounce 0.00%
[10:34:13] [HB] BT_DIPPING Y352.09 dip Y352.09 bounce 0.00%
[10:34:40] [FWD-T buy trig] low Y352.00 bounce 0.11% → Y352.38
[10:34:40] [ORDER-FWD-T buy] Y352.38 × 100 sh
[10:34:40]   >>> 下单买入: Y352.38 x 100股 601869.SH
[10:34:40] [委托] 买 Y352.38 0/100股 -> 已报
[10:34:40] [成交] 买 601869.SH Y352.24 x 100股 = Y35,224
[10:34:40] [委托] 买 Y352.38 100/100股 -> 全成
[10:34:41] [FILL-FWD-T buy] Y352.38 × 100 sh | pos 200→300 | cash -35,224
[10:35:14] [HB] BT_BOUGHT Y352.55 buy Y352.38 +0.0% sellback Y356.61 ladder Y347.09
[10:36:14] [HB] BT_BOUGHT Y352.41 buy Y352.38 +0.0% sellback Y356.61 ladder Y347.09
[10:37:14] [HB] BT_BOUGHT Y351.50 buy Y352.38 -0.2% sellback Y356.61 ladder Y347.09
[10:38:14] [HB] BT_BOUGHT Y350.80 buy Y352.38 -0.4% sellback Y356.61 ladder Y347.09
[10:39:14] [HB] BT_BOUGHT Y350.85 buy Y352.38 -0.4% sellback Y356.61 ladder Y347.09
[10:40:14] [HB] BT_BOUGHT Y351.50 buy Y352.38 -0.2% sellback Y356.61 ladder Y347.09
[10:41:14] [HB] BT_BOUGHT Y353.85 buy Y352.38 +0.4% sellback Y356.61 ladder Y347.09
[10:41:28] [MOM spike] 2min +1.00% (2×ATR10m 1.00%) Y354.49 → 冲高回落卖出监测
[10:41:29] [MOM-HB] 冲高回落卖出: peak Y354.49 Y354.49 trig±1.00%
[10:42:14] [HB] BT_BOUGHT Y355.42 buy Y352.38 +0.9% sellback Y356.61 ladder Y347.09
[10:42:29] [MOM-HB] 冲高回落卖出: peak Y355.45 Y355.41 trig±1.00%
[10:42:36] [MOM sell trig] peak Y355.45 回落0.12% → Y355.01
[10:42:36] [ORDER-MOM short] Y355.01 × 100 sh
[10:42:36]   >>> 下单卖出: Y355.01 x 100股 601869.SH
[10:42:36] [委托] 卖 Y355.01 0/100股 -> 已报
[10:42:37] [成交] 卖 601869.SH Y355.01 x 100股 = Y35,501
[10:42:37] [委托] 卖 Y355.01 100/100股 -> 全成
[10:42:38] [FILL-MOM short] Y355.01 × 100 sh | pos 300→200 | cash +35,501
[10:42:38] [MOM sold] Y355.01 x 100 sh | 买回触发 ≤Y350.75
[10:43:15] [HB] BT_BOUGHT Y352.77 buy Y352.38 +0.1% sellback Y356.61 ladder Y347.09
[10:43:30] [MOM-HB] 已卖Y355.01 等跌1.2%买回 Y352.45 trig±1.00%
[10:44:15] [HB] BT_BOUGHT Y351.16 buy Y352.38 -0.3% sellback Y356.61 ladder Y347.09
[10:44:30] [MOM-HB] 已卖Y355.01 等跌1.2%买回 Y351.05 trig±1.00%
[10:45:15] [HB] BT_BOUGHT Y351.34 buy Y352.38 -0.3% sellback Y356.61 ladder Y347.09
[10:45:30] [MOM-HB] 已卖Y355.01 等跌1.2%买回 Y352.17 trig±1.00%
[10:46:15] [HB] BT_BOUGHT Y353.77 buy Y352.38 +0.4% sellback Y356.61 ladder Y347.09
[10:46:30] [MOM-HB] 已卖Y355.01 等跌1.2%买回 Y353.50 trig±1.00%
[10:47:15] [HB] BT_BOUGHT Y354.46 buy Y352.38 +0.6% sellback Y356.61 ladder Y347.09
[10:47:30] [MOM-HB] 已卖Y355.01 等跌1.2%买回 Y353.48 trig±1.00%
[10:48:15] [HB] BT_BOUGHT Y354.50 buy Y352.38 +0.6% sellback Y356.61 ladder Y347.09
[10:48:30] [MOM-HB] 已卖Y355.01 等跌1.2%买回 Y354.00 trig±1.00%
[10:49:15] [HB] BT_BOUGHT Y354.58 buy Y352.38 +0.6% sellback Y356.61 ladder Y347.09
[10:49:29] [委托] 买 Y354.99 0/100股 -> 已报
[10:49:30] [MOM-HB] 已卖Y355.01 等跌1.2%买回 Y354.99 trig±1.00%
[10:50:15] [HB] BT_BOUGHT Y356.21 buy Y352.38 +1.1% sellback Y356.61 ladder Y347.09
[10:50:30] [MOM-HB] 已卖Y355.01 等跌1.2%买回 Y355.80 trig±1.00%
[10:50:41] [成交] 买 601869.SH Y354.99 x 100股 = Y35,499
[10:50:41] [委托] 买 Y354.99 100/100股 -> 全成
[10:51:15] [HB] BT_BOUGHT Y354.75 buy Y352.38 +0.7% sellback Y356.61 ladder Y347.09
[10:51:31] [MOM-HB] 已卖Y355.01 等跌1.2%买回 Y354.59 trig±1.00%
[10:52:16] [HB] BT_BOUGHT Y354.30 buy Y352.38 +0.5% sellback Y356.61 ladder Y347.09
[10:52:31] [MOM-HB] 已卖Y355.01 等跌1.2%买回 Y354.49 trig±1.00%
[10:53:16] [HB] BT_BOUGHT Y354.49 buy Y352.38 +0.6% sellback Y356.61 ladder Y347.09
[10:53:31] [MOM-HB] 已卖Y355.01 等跌1.2%买回 Y354.47 trig±1.00%
[10:54:16] [HB] BT_BOUGHT Y353.72 buy Y352.38 +0.4% sellback Y356.61 ladder Y347.09
[10:54:31] [MOM-HB] 已卖Y355.01 等跌1.2%买回 Y352.93 trig±1.00%
[10:55:16] [HB] BT_BOUGHT Y354.00 buy Y352.38 +0.5% sellback Y356.61 ladder Y347.09
[10:55:31] [MOM-HB] 已卖Y355.01 等跌1.2%买回 Y354.00 trig±1.00%
[10:56:16] [HB] BT_BOUGHT Y353.80 buy Y352.38 +0.4% sellback Y356.61 ladder Y347.09
[10:56:31] [MOM-HB] 已卖Y355.01 等跌1.2%买回 Y353.82 trig±1.00%
[10:57:16] [HB] BT_BOUGHT Y355.02 buy Y352.38 +0.7% sellback Y356.61 ladder Y347.09
[10:57:31] [MOM-HB] 已卖Y355.01 等跌1.2%买回 Y353.87 trig±1.00%
[10:58:16] [HB] BT_BOUGHT Y353.91 buy Y352.38 +0.4% sellback Y356.61 ladder Y347.09
[10:58:31] [MOM-HB] 已卖Y355.01 等跌1.2%买回 Y353.76 trig±1.00%
[10:59:16] [HB] BT_BOUGHT Y354.01 buy Y352.38 +0.5% sellback Y356.61 ladder Y347.09
[10:59:31] [MOM-HB] 已卖Y355.01 等跌1.2%买回 Y353.16 trig±1.00%
[11:00:16] [HB] BT_BOUGHT Y352.78 buy Y352.38 +0.1% sellback Y356.61 ladder Y347.09
[11:00:31] [MOM-HB] 已卖Y355.01 等跌1.2%买回 Y352.90 trig±1.00%
[11:01:16] [HB] BT_BOUGHT Y353.19 buy Y352.38 +0.2% sellback Y356.61 ladder Y347.09
[11:01:31] [MOM-HB] 已卖Y355.01 等跌1.2%买回 Y352.95 trig±1.00%
[11:02:16] [HB] BT_BOUGHT Y353.41 buy Y352.38 +0.3% sellback Y356.61 ladder Y347.09
[11:02:31] [MOM-HB] 已卖Y355.01 等跌1.2%买回 Y354.00 trig±1.00%
[11:03:16] [HB] BT_BOUGHT Y353.80 buy Y352.38 +0.4% sellback Y356.61 ladder Y347.09
[11:03:31] [MOM-HB] 已卖Y355.01 等跌1.2%买回 Y353.40 trig±1.00%
[11:04:17] [HB] BT_BOUGHT Y352.87 buy Y352.38 +0.1% sellback Y356.61 ladder Y347.09
[11:04:32] [MOM-HB] 已卖Y355.01 等跌1.2%买回 Y352.49 trig±1.00%
[11:05:17] [HB] BT_BOUGHT Y352.30 buy Y352.38 -0.0% sellback Y356.61 ladder Y347.09
[11:05:32] [MOM-HB] 已卖Y355.01 等跌1.2%买回 Y352.49 trig±1.00%
[11:06:17] [HB] BT_BOUGHT Y352.31 buy Y352.38 -0.0% sellback Y356.61 ladder Y347.09
[11:06:32] [MOM-HB] 已卖Y355.01 等跌1.2%买回 Y352.23 trig±1.00%
[11:07:17] [HB] BT_BOUGHT Y352.04 buy Y352.38 -0.1% sellback Y356.61 ladder Y347.09
[11:07:32] [MOM-HB] 已卖Y355.01 等跌1.2%买回 Y352.11 trig±1.00%
[11:08:17] [HB] BT_BOUGHT Y351.80 buy Y352.38 -0.2% sellback Y356.61 ladder Y347.09
[11:08:32] [MOM-HB] 已卖Y355.01 等跌1.2%买回 Y351.96 trig±1.00%
[11:09:17] [HB] BT_BOUGHT Y351.62 buy Y352.38 -0.2% sellback Y356.61 ladder Y347.09
[11:09:32] [MOM-HB] 已卖Y355.01 等跌1.2%买回 Y351.65 trig±1.00%
[11:10:17] [HB] BT_BOUGHT Y352.12 buy Y352.38 -0.1% sellback Y356.61 ladder Y347.09
[11:10:32] [MOM-HB] 已卖Y355.01 等跌1.2%买回 Y351.68 trig±1.00%
[11:11:17] [HB] BT_BOUGHT Y351.51 buy Y352.38 -0.2% sellback Y356.61 ladder Y347.09
[11:11:32] [MOM-HB] 已卖Y355.01 等跌1.2%买回 Y351.48 trig±1.00%
[11:12:17] [HB] BT_BOUGHT Y351.80 buy Y352.38 -0.2% sellback Y356.61 ladder Y347.09
[11:12:32] [MOM-HB] 已卖Y355.01 等跌1.2%买回 Y351.62 trig±1.00%
[11:13:17] [HB] BT_BOUGHT Y351.26 buy Y352.38 -0.3% sellback Y356.61 ladder Y347.09
[11:13:32] [MOM-HB] 已卖Y355.01 等跌1.2%买回 Y351.26 trig±1.00%
[11:14:17] [HB] BT_BOUGHT Y351.16 buy Y352.38 -0.3% sellback Y356.61 ladder Y347.09
[11:14:32] [MOM-HB] 已卖Y355.01 等跌1.2%买回 Y351.08 trig±1.00%
[11:15:17] [HB] BT_BOUGHT Y351.80 buy Y352.38 -0.2% sellback Y356.61 ladder Y347.09
[11:15:32] [MOM-HB] 已卖Y355.01 等跌1.2%买回 Y351.82 trig±1.00%
[11:16:17] [HB] BT_BOUGHT Y351.60 buy Y352.38 -0.2% sellback Y356.61 ladder Y347.09
[11:16:32] [MOM-HB] 已卖Y355.01 等跌1.2%买回 Y351.26 trig±1.00%
[11:17:17] [HB] BT_BOUGHT Y350.85 buy Y352.38 -0.4% sellback Y356.61 ladder Y347.09
[11:17:32] [MOM-HB] 已卖Y355.01 等跌1.2%买回 Y350.92 trig±1.00%
[11:18:18] [HB] BT_BOUGHT Y350.80 buy Y352.38 -0.4% sellback Y356.61 ladder Y347.09
[11:18:33] [MOM-HB] 已卖Y355.01 等跌1.2%买回 Y350.80 trig±1.00%
[11:19:07] [MOM buyback trig] Y350.66 ≤Y350.75(-1.20%) → 探底回升买回
[11:19:18] [HB] BT_BOUGHT Y350.60 buy Y352.38 -0.5% sellback Y356.61 ladder Y347.09
[11:19:33] [MOM-HB] 探底回升买回: dip Y350.57 Y350.57 trig±1.00%
[11:20:18] [HB] BT_BOUGHT Y350.08 buy Y352.38 -0.7% sellback Y356.61 ladder Y347.09
[11:20:33] [MOM-HB] 探底回升买回: dip Y350.03 Y350.03 trig±1.00%
[11:21:18] [HB] BT_BOUGHT Y350.00 buy Y352.38 -0.7% sellback Y356.61 ladder Y347.09
[11:21:33] [MOM-HB] 探底回升买回: dip Y350.00 Y350.01 trig±1.00%
[11:22:18] [HB] BT_BOUGHT Y349.10 buy Y352.38 -0.9% sellback Y356.61 ladder Y347.09
[11:22:33] [MOM-HB] 探底回升买回: dip Y349.00 Y349.00 trig±1.00%
[11:23:18] [HB] BT_BOUGHT Y348.51 buy Y352.38 -1.1% sellback Y356.61 ladder Y347.09
[11:23:25] [MOM buyback buy] low Y348.51 回升0.17% → Y349.10
[11:23:25] [MOM buyback SKIP] 现金 不足: planned 100 actual 0
[11:23:25] [MOM buyback FAIL] 未成交, 保持 DIPPING
[11:23:26] [MOM buyback buy] low Y348.51 回升0.17% → Y349.10
[11:23:26] [MOM buyback SKIP] 现金 不足: planned 100 actual 0
[11:23:26] [MOM buyback FAIL] 未成交, 保持 DIPPING
[11:23:27] [MOM buyback buy] low Y348.51 回升0.17% → Y349.10
[11:23:27] [MOM buyback SKIP] 现金 不足: planned 100 actual 0
[11:23:27] [MOM buyback FAIL] 未成交, 保持 DIPPING
[11:23:28] [MOM buyback buy] low Y348.51 回升0.22% → Y349.26
[11:23:28] [MOM buyback SKIP] 现金 不足: planned 100 actual 0
[11:23:28] [MOM buyback FAIL] 未成交, 保持 DIPPING
[11:23:29] [MOM buyback buy] low Y348.51 回升0.22% → Y349.26
[11:23:29] [MOM buyback SKIP] 现金 不足: planned 100 actual 0
[11:23:29] [MOM buyback FAIL] 未成交, 保持 DIPPING
[11:23:30] [MOM buyback buy] low Y348.51 回升0.22% → Y349.26
[11:23:30] [MOM buyback SKIP] 现金 不足: planned 100 actual 0
[11:23:30] [MOM buyback FAIL] 未成交, 保持 DIPPING
[11:23:31] [MOM buyback buy] low Y348.51 回升0.22% → Y349.26
[11:23:31] [MOM buyback SKIP] 现金 不足: planned 100 actual 0
[11:23:31] [MOM buyback FAIL] 未成交, 保持 DIPPING
[11:23:32] [MOM buyback buy] low Y348.51 回升0.22% → Y349.26
[11:23:32] [MOM buyback SKIP] 现金 不足: planned 100 actual 0
[11:23:32] [MOM buyback FAIL] 未成交, 保持 DIPPING
[11:23:33] [MOM buyback buy] low Y348.51 回升0.22% → Y349.26
[11:23:33] [MOM buyback SKIP] 现金 不足: planned 100 actual 0
[11:23:33] [MOM buyback FAIL] 未成交, 保持 DIPPING
[11:23:33] [MOM-HB] 探底回升买回: dip Y348.51 Y349.26 trig±1.00%
[11:23:34] [MOM buyback buy] low Y348.51 回升0.21% → Y349.25
[11:23:34] [MOM buyback SKIP] 现金 不足: planned 100 actual 0
[11:23:34] [MOM buyback FAIL] 未成交, 保持 DIPPING
[11:23:35] [MOM buyback buy] low Y348.51 回升0.21% → Y349.25
[11:23:35] [MOM buyback SKIP] 现金 不足: planned 100 actual 0
[11:23:35] [MOM buyback FAIL] 未成交, 保持 DIPPING
[11:23:36] [MOM buyback buy] low Y348.51 回升0.21% → Y349.25
[11:23:36] [MOM buyback SKIP] 现金 不足: planned 100 actual 0
[11:23:36] [MOM buyback FAIL] 未成交, 保持 DIPPING
[11:23:37] [MOM buyback buy] low Y348.51 回升0.19% → Y349.17
[11:23:37] [MOM buyback SKIP] 现金 不足: planned 100 actual 0
[11:23:37] [MOM buyback FAIL] 未成交, 保持 DIPPING
[11:23:38] [MOM buyback buy] low Y348.51 回升0.19% → Y349.17
[11:23:38] [MOM buyback SKIP] 现金 不足: planned 100 actual 0
[11:23:38] [MOM buyback FAIL] 未成交, 保持 DIPPING
[11:23:39] [MOM buyback buy] low Y348.51 回升0.19% → Y349.17
[11:23:39] [MOM buyback SKIP] 现金 不足: planned 100 actual 0
[11:23:39] [MOM buyback FAIL] 未成交, 保持 DIPPING
[11:23:40] [MOM buyback buy] low Y348.51 回升0.19% → Y349.17
[11:23:40] [MOM buyback SKIP] 现金 不足: planned 100 actual 0
[11:23:40] [MOM buyback FAIL] 未成交, 保持 DIPPING
[11:23:41] [MOM buyback buy] low Y348.51 回升0.19% → Y349.17
[11:23:41] [MOM buyback SKIP] 现金 不足: planned 100 actual 0
[11:23:41] [MOM buyback FAIL] 未成交, 保持 DIPPING
[11:23:42] [MOM buyback buy] low Y348.51 回升0.19% → Y349.17
[11:23:42] [MOM buyback SKIP] 现金 不足: planned 100 actual 0
[11:23:42] [MOM buyback FAIL] 未成交, 保持 DIPPING
[11:23:43] [MOM buyback buy] low Y348.51 回升0.19% → Y349.17
[11:23:43] [MOM buyback SKIP] 现金 不足: planned 100 actual 0
[11:23:43] [MOM buyback FAIL] 未成交, 保持 DIPPING
[11:23:44] [MOM buyback buy] low Y348.51 回升0.19% → Y349.17
[11:23:44] [MOM buyback SKIP] 现金 不足: planned 100 actual 0
[11:23:44] [MOM buyback FAIL] 未成交, 保持 DIPPING
[11:23:45] [MOM buyback buy] low Y348.51 回升0.19% → Y349.17
[11:23:45] [MOM buyback SKIP] 现金 不足: planned 100 actual 0
[11:23:45] [MOM buyback FAIL] 未成交, 保持 DIPPING
[11:23:46] [MOM buyback buy] low Y348.51 回升0.19% → Y349.17
[11:23:46] [MOM buyback SKIP] 现金 不足: planned 100 actual 0
[11:23:46] [MOM buyback FAIL] 未成交, 保持 DIPPING
[11:23:47] [MOM buyback buy] low Y348.51 回升0.19% → Y349.17
[11:23:47] [MOM buyback SKIP] 现金 不足: planned 100 actual 0
[11:23:47] [MOM buyback FAIL] 未成交, 保持 DIPPING
[11:23:48] [MOM buyback buy] low Y348.51 回升0.19% → Y349.17
[11:23:48] [MOM buyback SKIP] 现金 不足: planned 100 actual 0
[11:23:48] [MOM buyback FAIL] 未成交, 保持 DIPPING
[11:23:49] [MOM buyback buy] low Y348.51 回升0.14% → Y349.01
[11:23:49] [MOM buyback SKIP] 现金 不足: planned 100 actual 0
[11:23:49] [MOM buyback FAIL] 未成交, 保持 DIPPING
[11:23:50] [MOM buyback buy] low Y348.51 回升0.14% → Y349.01
[11:23:50] [MOM buyback SKIP] 现金 不足: planned 100 actual 0
[11:23:50] [MOM buyback FAIL] 未成交, 保持 DIPPING
[11:23:51] [MOM buyback buy] low Y348.51 回升0.14% → Y349.01
[11:23:51] [MOM buyback SKIP] 现金 不足: planned 100 actual 0
[11:23:51] [MOM buyback FAIL] 未成交, 保持 DIPPING
[11:23:52] [MOM buyback buy] low Y348.51 回升0.20% → Y349.22
[11:23:52] [MOM buyback SKIP] 现金 不足: planned 100 actual 0
[11:23:52] [MOM buyback FAIL] 未成交, 保持 DIPPING
[11:23:53] [MOM buyback buy] low Y348.51 回升0.20% → Y349.22
[11:23:53] [MOM buyback SKIP] 现金 不足: planned 100 actual 0
[11:23:53] [MOM buyback FAIL] 未成交, 保持 DIPPING
[11:23:54] [MOM buyback buy] low Y348.51 回升0.14% → Y349.01
[11:23:54] [MOM buyback SKIP] 现金 不足: planned 100 actual 0
[11:23:54] [MOM buyback FAIL] 未成交, 保持 DIPPING
[11:23:55] [MOM buyback buy] low Y348.51 回升0.14% → Y349.01
[11:23:55] [MOM buyback SKIP] 现金 不足: planned 100 actual 0
[11:23:55] [MOM buyback FAIL] 未成交, 保持 DIPPING
[11:23:56] [MOM buyback buy] low Y348.51 回升0.14% → Y349.01
[11:23:56] [MOM buyback SKIP] 现金 不足: planned 100 actual 0
[11:23:56] [MOM buyback FAIL] 未成交, 保持 DIPPING
[11:23:57] [MOM buyback buy] low Y348.51 回升0.14% → Y349.01
[11:23:57] [MOM buyback SKIP] 现金 不足: planned 100 actual 0
[11:23:57] [MOM buyback FAIL] 未成交, 保持 DIPPING
[11:23:58] [MOM buyback buy] low Y348.51 回升0.18% → Y349.15
[11:23:58] [MOM buyback SKIP] 现金 不足: planned 100 actual 0
[11:23:58] [MOM buyback FAIL] 未成交, 保持 DIPPING
[11:23:59] [MOM buyback buy] low Y348.51 回升0.18% → Y349.15
[11:23:59] [MOM buyback SKIP] 现金 不足: planned 100 actual 0
[11:23:59] [MOM buyback FAIL] 未成交, 保持 DIPPING
[11:24:00] [MOM buyback buy] low Y348.51 回升0.14% → Y349.00
[11:24:00] [MOM buyback SKIP] 现金 不足: planned 100 actual 0
[11:24:00] [MOM buyback FAIL] 未成交, 保持 DIPPING
[11:24:01] [MOM buyback buy] low Y348.51 回升0.14% → Y349.00
[11:24:01] [MOM buyback SKIP] 现金 不足: planned 100 actual 0
[11:24:01] [MOM buyback FAIL] 未成交, 保持 DIPPING
[11:24:02] [MOM buyback buy] low Y348.51 回升0.14% → Y349.00
[11:24:02] [MOM buyback SKIP] 现金 不足: planned 100 actual 0
[11:24:02] [MOM buyback FAIL] 未成交, 保持 DIPPING
[11:24:07] [MOM buyback buy] low Y348.51 回升0.14% → Y349.00
[11:24:07] [MOM buyback SKIP] 现金 不足: planned 100 actual 0
[11:24:07] [MOM buyback FAIL] 未成交, 保持 DIPPING
[11:24:08] [MOM buyback buy] low Y348.51 回升0.14% → Y349.00
[11:24:08] [MOM buyback SKIP] 现金 不足: planned 100 actual 0
[11:24:08] [MOM buyback FAIL] 未成交, 保持 DIPPING
[11:24:09] [MOM buyback buy] low Y348.51 回升0.14% → Y349.01
[11:24:09] [MOM buyback SKIP] 现金 不足: planned 100 actual 0
[11:24:09] [MOM buyback FAIL] 未成交, 保持 DIPPING
[11:24:10] [MOM buyback buy] low Y348.51 回升0.14% → Y349.01
[11:24:10] [MOM buyback SKIP] 现金 不足: planned 100 actual 0
[11:24:10] [MOM buyback FAIL] 未成交, 保持 DIPPING
[11:24:11] [MOM buyback buy] low Y348.51 回升0.14% → Y349.01
[11:24:11] [MOM buyback SKIP] 现金 不足: planned 100 actual 0
[11:24:11] [MOM buyback FAIL] 未成交, 保持 DIPPING
[11:24:12] [MOM buyback buy] low Y348.51 回升0.14% → Y349.01
[11:24:12] [MOM buyback SKIP] 现金 不足: planned 100 actual 0
[11:24:12] [MOM buyback FAIL] 未成交, 保持 DIPPING
[11:24:18] [MOM buyback buy] low Y348.51 回升0.20% → Y349.22
[11:24:18] [MOM buyback SKIP] 现金 不足: planned 100 actual 0
[11:24:18] [MOM buyback FAIL] 未成交, 保持 DIPPING
[11:24:18] [HB] BT_BOUGHT Y349.22 buy Y352.38 -0.9% sellback Y356.61 ladder Y347.09
[11:24:19] [MOM buyback buy] low Y348.51 回升0.20% → Y349.22
[11:24:19] [MOM buyback SKIP] 现金 不足: planned 100 actual 0
[11:24:19] [MOM buyback FAIL] 未成交, 保持 DIPPING
[11:24:20] [MOM buyback buy] low Y348.51 回升0.20% → Y349.22
[11:24:20] [MOM buyback SKIP] 现金 不足: planned 100 actual 0
[11:24:20] [MOM buyback FAIL] 未成交, 保持 DIPPING
[11:24:21] [MOM buyback buy] low Y348.51 回升0.21% → Y349.25
[11:24:21] [MOM buyback SKIP] 现金 不足: planned 100 actual 0
[11:24:21] [MOM buyback FAIL] 未成交, 保持 DIPPING
[11:24:22] [MOM buyback buy] low Y348.51 回升0.21% → Y349.25
[11:24:22] [MOM buyback SKIP] 现金 不足: planned 100 actual 0
[11:24:22] [MOM buyback FAIL] 未成交, 保持 DIPPING
[11:24:23] [MOM buyback buy] low Y348.51 回升0.21% → Y349.25
[11:24:23] [MOM buyback SKIP] 现金 不足: planned 100 actual 0
[11:24:23] [MOM buyback FAIL] 未成交, 保持 DIPPING
[11:24:24] [MOM buyback buy] low Y348.51 回升0.21% → Y349.24
[11:24:24] [MOM buyback SKIP] 现金 不足: planned 100 actual 0
[11:24:24] [MOM buyback FAIL] 未成交, 保持 DIPPING
[11:24:25] [MOM buyback buy] low Y348.51 回升0.21% → Y349.24
[11:24:25] [MOM buyback SKIP] 现金 不足: planned 100 actual 0
[11:24:25] [MOM buyback FAIL] 未成交, 保持 DIPPING
[11:24:26] [MOM buyback buy] low Y348.51 回升0.21% → Y349.24
[11:24:26] [MOM buyback SKIP] 现金 不足: planned 100 actual 0
[11:24:26] [MOM buyback FAIL] 未成交, 保持 DIPPING
[11:24:27] [MOM buyback buy] low Y348.51 回升0.14% → Y349.01
[11:24:27] [MOM buyback SKIP] 现金 不足: planned 100 actual 0
[11:24:27] [MOM buyback FAIL] 未成交, 保持 DIPPING
[11:24:28] [MOM buyback buy] low Y348.51 回升0.14% → Y349.01
[11:24:28] [MOM buyback SKIP] 现金 不足: planned 100 actual 0
[11:24:28] [MOM buyback FAIL] 未成交, 保持 DIPPING
[11:24:29] [MOM buyback buy] low Y348.51 回升0.14% → Y349.01
[11:24:29] [MOM buyback SKIP] 现金 不足: planned 100 actual 0
[11:24:29] [MOM buyback FAIL] 未成交, 保持 DIPPING
[11:24:30] [MOM buyback buy] low Y348.51 回升0.21% → Y349.24
[11:24:30] [MOM buyback SKIP] 现金 不足: planned 100 actual 0
[11:24:30] [MOM buyback FAIL] 未成交, 保持 DIPPING
[11:24:31] [MOM buyback buy] low Y348.51 回升0.21% → Y349.24
[11:24:31] [MOM buyback SKIP] 现金 不足: planned 100 actual 0
[11:24:31] [MOM buyback FAIL] 未成交, 保持 DIPPING
[11:24:32] [MOM buyback buy] low Y348.51 回升0.21% → Y349.24
[11:24:32] [MOM buyback SKIP] 现金 不足: planned 100 actual 0
[11:24:32] [MOM buyback FAIL] 未成交, 保持 DIPPING
[11:24:33] [MOM buyback buy] low Y348.51 回升0.21% → Y349.23
[11:24:33] [MOM buyback SKIP] 现金 不足: planned 100 actual 0
[11:24:33] [MOM buyback FAIL] 未成交, 保持 DIPPING
[11:24:33] [MOM-HB] 探底回升买回: dip Y348.51 Y349.23 trig±1.00%
[11:24:34] [MOM buyback buy] low Y348.51 回升0.21% → Y349.23
[11:24:34] [MOM buyback SKIP] 现金 不足: planned 100 actual 0
[11:24:34] [MOM buyback FAIL] 未成交, 保持 DIPPING
[11:24:35] [MOM buyback buy] low Y348.51 回升0.21% → Y349.23
[11:24:35] [MOM buyback SKIP] 现金 不足: planned 100 actual 0
[11:24:35] [MOM buyback FAIL] 未成交, 保持 DIPPING
[11:24:36] [MOM buyback buy] low Y348.51 回升0.14% → Y349.01
[11:24:36] [MOM buyback SKIP] 现金 不足: planned 100 actual 0
[11:24:36] [MOM buyback FAIL] 未成交, 保持 DIPPING
[11:24:37] [MOM buyback buy] low Y348.51 回升0.14% → Y349.01
[11:24:37] [MOM buyback SKIP] 现金 不足: planned 100 actual 0
[11:24:37] [MOM buyback FAIL] 未成交, 保持 DIPPING
[11:24:38] [MOM buyback buy] low Y348.51 回升0.14% → Y349.01
[11:24:38] [MOM buyback SKIP] 现金 不足: planned 100 actual 0
[11:24:38] [MOM buyback FAIL] 未成交, 保持 DIPPING
[11:24:39] [MOM buyback buy] low Y348.51 回升0.13% → Y348.98
[11:24:39] [MOM buyback SKIP] 现金 不足: planned 100 actual 0
[11:24:39] [MOM buyback FAIL] 未成交, 保持 DIPPING
[11:24:40] [MOM buyback buy] low Y348.51 回升0.13% → Y348.98
[11:24:40] [MOM buyback SKIP] 现金 不足: planned 100 actual 0
[11:24:40] [MOM buyback FAIL] 未成交, 保持 DIPPING
[11:24:41] [MOM buyback buy] low Y348.51 回升0.13% → Y348.98
[11:24:41] [MOM buyback SKIP] 现金 不足: planned 100 actual 0
[11:24:41] [MOM buyback FAIL] 未成交, 保持 DIPPING
[11:24:42] [MOM buyback buy] low Y348.51 回升0.13% → Y348.98
[11:24:42] [MOM buyback SKIP] 现金 不足: planned 100 actual 0
[11:24:42] [MOM buyback FAIL] 未成交, 保持 DIPPING
[11:24:43] [MOM buyback buy] low Y348.51 回升0.14% → Y349.01
[11:24:43] [MOM buyback SKIP] 现金 不足: planned 100 actual 0
[11:24:43] [MOM buyback FAIL] 未成交, 保持 DIPPING
[11:24:44] [MOM buyback buy] low Y348.51 回升0.14% → Y349.01
[11:24:44] [MOM buyback SKIP] 现金 不足: planned 100 actual 0
[11:24:44] [MOM buyback FAIL] 未成交, 保持 DIPPING
[11:24:45] [MOM buyback buy] low Y348.51 回升0.14% → Y349.00
[11:24:45] [MOM buyback SKIP] 现金 不足: planned 100 actual 0
[11:24:45] [MOM buyback FAIL] 未成交, 保持 DIPPING
[11:24:46] [MOM buyback buy] low Y348.51 回升0.14% → Y349.00
[11:24:46] [MOM buyback SKIP] 现金 不足: planned 100 actual 0
[11:24:46] [MOM buyback FAIL] 未成交, 保持 DIPPING
[11:24:47] [MOM buyback buy] low Y348.51 回升0.14% → Y349.00
[11:24:47] [MOM buyback SKIP] 现金 不足: planned 100 actual 0
[11:24:47] [MOM buyback FAIL] 未成交, 保持 DIPPING
[11:24:48] [MOM buyback buy] low Y348.51 回升0.14% → Y349.01
[11:24:48] [MOM buyback SKIP] 现金 不足: planned 100 actual 0
[11:24:48] [MOM buyback FAIL] 未成交, 保持 DIPPING
[11:24:49] [MOM buyback buy] low Y348.51 回升0.14% → Y349.01
[11:24:49] [MOM buyback SKIP] 现金 不足: planned 100 actual 0
[11:24:49] [MOM buyback FAIL] 未成交, 保持 DIPPING
[11:24:50] [MOM buyback buy] low Y348.51 回升0.14% → Y349.01
[11:24:50] [MOM buyback SKIP] 现金 不足: planned 100 actual 0
[11:24:50] [MOM buyback FAIL] 未成交, 保持 DIPPING
[11:24:51] [MOM buyback buy] low Y348.51 回升0.14% → Y349.01
[11:24:51] [MOM buyback SKIP] 现金 不足: planned 100 actual 0
[11:24:51] [MOM buyback FAIL] 未成交, 保持 DIPPING
[11:24:52] [MOM buyback buy] low Y348.51 回升0.14% → Y349.01
[11:24:52] [MOM buyback SKIP] 现金 不足: planned 100 actual 0
[11:24:52] [MOM buyback FAIL] 未成交, 保持 DIPPING
[11:24:53] [MOM buyback buy] low Y348.51 回升0.14% → Y349.01
[11:24:53] [MOM buyback SKIP] 现金 不足: planned 100 actual 0
[11:24:53] [MOM buyback FAIL] 未成交, 保持 DIPPING
[11:24:54] [MOM buyback buy] low Y348.51 回升0.14% → Y349.00
[11:24:54] [MOM buyback SKIP] 现金 不足: planned 100 actual 0
[11:24:54] [MOM buyback FAIL] 未成交, 保持 DIPPING
[11:24:55] [MOM buyback buy] low Y348.51 回升0.14% → Y349.00
[11:24:55] [MOM buyback SKIP] 现金 不足: planned 100 actual 0
[11:24:55] [MOM buyback FAIL] 未成交, 保持 DIPPING
[11:24:56] [MOM buyback buy] low Y348.51 回升0.14% → Y349.00
[11:24:56] [MOM buyback SKIP] 现金 不足: planned 100 actual 0
[11:24:56] [MOM buyback FAIL] 未成交, 保持 DIPPING
[11:24:57] [MOM buyback buy] low Y348.51 回升0.20% → Y349.21
[11:24:57] [MOM buyback SKIP] 现金 不足: planned 100 actual 0
[11:24:57] [MOM buyback FAIL] 未成交, 保持 DIPPING
[11:24:58] [MOM buyback buy] low Y348.51 回升0.20% → Y349.21
[11:24:58] [MOM buyback SKIP] 现金 不足: planned 100 actual 0
[11:24:58] [MOM buyback FAIL] 未成交, 保持 DIPPING
[11:24:59] [MOM buyback buy] low Y348.51 回升0.20% → Y349.21
[11:24:59] [MOM buyback SKIP] 现金 不足: planned 100 actual 0
[11:24:59] [MOM buyback FAIL] 未成交, 保持 DIPPING
[11:25:00] [MOM buyback buy] low Y348.51 回升0.21% → Y349.23
[11:25:00] [MOM buyback SKIP] 现金 不足: planned 100 actual 0
[11:25:00] [MOM buyback FAIL] 未成交, 保持 DIPPING
[11:25:01] [MOM buyback buy] low Y348.51 回升0.21% → Y349.23
[11:25:01] [MOM buyback SKIP] 现金 不足: planned 100 actual 0
[11:25:01] [MOM buyback FAIL] 未成交, 保持 DIPPING
[11:25:02] [MOM buyback buy] low Y348.51 回升0.21% → Y349.23
[11:25:02] [MOM buyback SKIP] 现金 不足: planned 100 actual 0
[11:25:02] [MOM buyback FAIL] 未成交, 保持 DIPPING
[11:25:03] [MOM buyback buy] low Y348.51 回升0.14% → Y349.00
[11:25:03] [MOM buyback SKIP] 现金 不足: planned 100 actual 0
[11:25:03] [MOM buyback FAIL] 未成交, 保持 DIPPING
[11:25:04] [MOM buyback buy] low Y348.51 回升0.14% → Y349.00
[11:25:04] [MOM buyback SKIP] 现金 不足: planned 100 actual 0
[11:25:04] [MOM buyback FAIL] 未成交, 保持 DIPPING
[11:25:05] [MOM buyback buy] low Y348.51 回升0.14% → Y349.00
[11:25:05] [MOM buyback SKIP] 现金 不足: planned 100 actual 0
[11:25:05] [MOM buyback FAIL] 未成交, 保持 DIPPING
[11:25:06] [MOM buyback buy] low Y348.51 回升0.14% → Y349.00
[11:25:06] [MOM buyback SKIP] 现金 不足: planned 100 actual 0
[11:25:06] [MOM buyback FAIL] 未成交, 保持 DIPPING
[11:25:07] [MOM buyback buy] low Y348.51 回升0.14% → Y349.00
[11:25:07] [MOM buyback SKIP] 现金 不足: planned 100 actual 0
[11:25:07] [MOM buyback FAIL] 未成交, 保持 DIPPING
[11:25:08] [MOM buyback buy] low Y348.51 回升0.14% → Y349.00
[11:25:08] [MOM buyback SKIP] 现金 不足: planned 100 actual 0
[11:25:08] [MOM buyback FAIL] 未成交, 保持 DIPPING
[11:25:09] [MOM buyback buy] low Y348.51 回升0.14% → Y349.00
[11:25:09] [MOM buyback SKIP] 现金 不足: planned 100 actual 0
[11:25:09] [MOM buyback FAIL] 未成交, 保持 DIPPING
[11:25:10] [MOM buyback buy] low Y348.51 回升0.14% → Y349.00
[11:25:10] [MOM buyback SKIP] 现金 不足: planned 100 actual 0
[11:25:10] [MOM buyback FAIL] 未成交, 保持 DIPPING
[11:25:11] [MOM buyback buy] low Y348.51 回升0.14% → Y349.00
[11:25:11] [MOM buyback SKIP] 现金 不足: planned 100 actual 0
[11:25:11] [MOM buyback FAIL] 未成交, 保持 DIPPING
[11:25:12] [MOM buyback buy] low Y348.51 回升0.14% → Y349.00
[11:25:12] [MOM buyback SKIP] 现金 不足: planned 100 actual 0
[11:25:12] [MOM buyback FAIL] 未成交, 保持 DIPPING
[11:25:13] [MOM buyback buy] low Y348.51 回升0.14% → Y349.00
[11:25:13] [MOM buyback SKIP] 现金 不足: planned 100 actual 0
[11:25:13] [MOM buyback FAIL] 未成交, 保持 DIPPING
[11:25:14] [MOM buyback buy] low Y348.51 回升0.14% → Y349.00
[11:25:14] [MOM buyback SKIP] 现金 不足: planned 100 actual 0
[11:25:14] [MOM buyback FAIL] 未成交, 保持 DIPPING
[11:25:15] [MOM buyback buy] low Y348.51 回升0.20% → Y349.20
[11:25:15] [MOM buyback SKIP] 现金 不足: planned 100 actual 0
[11:25:15] [MOM buyback FAIL] 未成交, 保持 DIPPING
[11:25:16] [MOM buyback buy] low Y348.51 回升0.20% → Y349.20
[11:25:16] [MOM buyback SKIP] 现金 不足: planned 100 actual 0
[11:25:16] [MOM buyback FAIL] 未成交, 保持 DIPPING
[11:25:17] [MOM buyback buy] low Y348.51 回升0.20% → Y349.20
[11:25:17] [MOM buyback SKIP] 现金 不足: planned 100 actual 0
[11:25:17] [MOM buyback FAIL] 未成交, 保持 DIPPING
[11:25:18] [MOM buyback buy] low Y348.51 回升0.14% → Y349.00
[11:25:18] [MOM buyback SKIP] 现金 不足: planned 100 actual 0
[11:25:18] [MOM buyback FAIL] 未成交, 保持 DIPPING
[11:25:18] [HB] BT_BOUGHT Y349.00 buy Y352.38 -1.0% sellback Y356.61 ladder Y347.09
[11:25:19] [MOM buyback buy] low Y348.51 回升0.14% → Y349.00
[11:25:19] [MOM buyback SKIP] 现金 不足: planned 100 actual 0
[11:25:19] [MOM buyback FAIL] 未成交, 保持 DIPPING
[11:25:20] [MOM buyback buy] low Y348.51 回升0.14% → Y349.00
[11:25:20] [MOM buyback SKIP] 现金 不足: planned 100 actual 0
[11:25:20] [MOM buyback FAIL] 未成交, 保持 DIPPING
[11:25:21] [MOM buyback buy] low Y348.51 回升0.14% → Y349.00
[11:25:21] [MOM buyback SKIP] 现金 不足: planned 100 actual 0
[11:25:21] [MOM buyback FAIL] 未成交, 保持 DIPPING
[11:25:22] [MOM buyback buy] low Y348.51 回升0.14% → Y349.00
[11:25:22] [MOM buyback SKIP] 现金 不足: planned 100 actual 0
[11:25:22] [MOM buyback FAIL] 未成交, 保持 DIPPING
[11:25:23] [MOM buyback buy] low Y348.51 回升0.14% → Y349.00
[11:25:23] [MOM buyback SKIP] 现金 不足: planned 100 actual 0
[11:25:23] [MOM buyback FAIL] 未成交, 保持 DIPPING
[11:25:24] [MOM buyback buy] low Y348.51 回升0.18% → Y349.14
[11:25:24] [MOM buyback SKIP] 现金 不足: planned 100 actual 0
[11:25:24] [MOM buyback FAIL] 未成交, 保持 DIPPING
[11:25:25] [MOM buyback buy] low Y348.51 回升0.18% → Y349.14
[11:25:25] [MOM buyback SKIP] 现金 不足: planned 100 actual 0
[11:25:25] [MOM buyback FAIL] 未成交, 保持 DIPPING
[11:25:26] [MOM buyback buy] low Y348.51 回升0.18% → Y349.14
[11:25:26] [MOM buyback SKIP] 现金 不足: planned 100 actual 0
[11:25:26] [MOM buyback FAIL] 未成交, 保持 DIPPING
[11:25:27] [MOM buyback buy] low Y348.51 回升0.19% → Y349.17
[11:25:27] [MOM buyback SKIP] 现金 不足: planned 100 actual 0
[11:25:27] [MOM buyback FAIL] 未成交, 保持 DIPPING
[11:25:28] [MOM buyback buy] low Y348.51 回升0.19% → Y349.17
[11:25:28] [MOM buyback SKIP] 现金 不足: planned 100 actual 0
[11:25:28] [MOM buyback FAIL] 未成交, 保持 DIPPING
[11:25:29] [MOM buyback buy] low Y348.51 回升0.19% → Y349.17
[11:25:29] [MOM buyback SKIP] 现金 不足: planned 100 actual 0
[11:25:29] [MOM buyback FAIL] 未成交, 保持 DIPPING
[11:25:30] [MOM buyback buy] low Y348.51 回升0.14% → Y349.00
[11:25:30] [MOM buyback SKIP] 现金 不足: planned 100 actual 0
[11:25:30] [MOM buyback FAIL] 未成交, 保持 DIPPING
[11:25:31] [MOM buyback buy] low Y348.51 回升0.14% → Y349.00
[11:25:31] [MOM buyback SKIP] 现金 不足: planned 100 actual 0
[11:25:31] [MOM buyback FAIL] 未成交, 保持 DIPPING
[11:25:32] [MOM buyback buy] low Y348.51 回升0.14% → Y349.00
[11:25:32] [MOM buyback SKIP] 现金 不足: planned 100 actual 0
[11:25:32] [MOM buyback FAIL] 未成交, 保持 DIPPING
[11:25:33] [MOM buyback buy] low Y348.51 回升0.14% → Y349.01
[11:25:33] [MOM buyback SKIP] 现金 不足: planned 100 actual 0
[11:25:33] [MOM buyback FAIL] 未成交, 保持 DIPPING
[11:25:33] [MOM-HB] 探底回升买回: dip Y348.51 Y349.01 trig±1.00%
[11:25:34] [MOM buyback buy] low Y348.51 回升0.14% → Y349.01
[11:25:34] [MOM buyback SKIP] 现金 不足: planned 100 actual 0
[11:25:34] [MOM buyback FAIL] 未成交, 保持 DIPPING
[11:25:35] [MOM buyback buy] low Y348.51 回升0.14% → Y349.01
[11:25:35] [MOM buyback SKIP] 现金 不足: planned 100 actual 0
[11:25:35] [MOM buyback FAIL] 未成交, 保持 DIPPING
[11:25:36] [MOM buyback buy] low Y348.51 回升0.14% → Y349.00
[11:25:36] [MOM buyback SKIP] 现金 不足: planned 100 actual 0
[11:25:36] [MOM buyback FAIL] 未成交, 保持 DIPPING
[11:25:37] [MOM buyback buy] low Y348.51 回升0.14% → Y349.00
[11:25:37] [MOM buyback SKIP] 现金 不足: planned 100 actual 0
[11:25:37] [MOM buyback FAIL] 未成交, 保持 DIPPING
[11:25:38] [MOM buyback buy] low Y348.51 回升0.14% → Y349.00
[11:25:38] [MOM buyback SKIP] 现金 不足: planned 100 actual 0
[11:25:38] [MOM buyback FAIL] 未成交, 保持 DIPPING
[11:25:39] [MOM buyback buy] low Y348.51 回升0.14% → Y349.00
[11:25:39] [MOM buyback SKIP] 现金 不足: planned 100 actual 0
[11:25:39] [MOM buyback FAIL] 未成交, 保持 DIPPING
[11:25:40] [MOM buyback buy] low Y348.51 回升0.14% → Y349.00
[11:25:40] [MOM buyback SKIP] 现金 不足: planned 100 actual 0
[11:25:40] [MOM buyback FAIL] 未成交, 保持 DIPPING
[11:25:41] [MOM buyback buy] low Y348.51 回升0.14% → Y349.00
[11:25:41] [MOM buyback SKIP] 现金 不足: planned 100 actual 0
[11:25:41] [MOM buyback FAIL] 未成交, 保持 DIPPING
[11:25:42] [MOM buyback buy] low Y348.51 回升0.14% → Y349.01
[11:25:42] [MOM buyback SKIP] 现金 不足: planned 100 actual 0
[11:25:42] [MOM buyback FAIL] 未成交, 保持 DIPPING
[11:25:44] [MOM buyback buy] low Y348.51 回升0.14% → Y349.01
[11:25:44] [MOM buyback SKIP] 现金 不足: planned 100 actual 0
[11:25:44] [MOM buyback FAIL] 未成交, 保持 DIPPING
[11:25:45] [MOM buyback buy] low Y348.51 回升0.14% → Y349.01
[11:25:45] [MOM buyback SKIP] 现金 不足: planned 100 actual 0
[11:25:45] [MOM buyback FAIL] 未成交, 保持 DIPPING
[11:25:46] [MOM buyback buy] low Y348.51 回升0.17% → Y349.10
[11:25:46] [MOM buyback SKIP] 现金 不足: planned 100 actual 0
[11:25:46] [MOM buyback FAIL] 未成交, 保持 DIPPING
[11:25:47] [MOM buyback buy] low Y348.51 回升0.17% → Y349.10
[11:25:47] [MOM buyback SKIP] 现金 不足: planned 100 actual 0
[11:25:47] [MOM buyback FAIL] 未成交, 保持 DIPPING
[11:25:48] [MOM buyback buy] low Y348.51 回升0.17% → Y349.10
[11:25:48] [MOM buyback SKIP] 现金 不足: planned 100 actual 0
[11:25:48] [MOM buyback FAIL] 未成交, 保持 DIPPING
[11:25:49] [MOM buyback buy] low Y348.51 回升0.18% → Y349.14
[11:25:49] [MOM buyback SKIP] 现金 不足: planned 100 actual 0
[11:25:49] [MOM buyback FAIL] 未成交, 保持 DIPPING
[11:25:50] [MOM buyback buy] low Y348.51 回升0.18% → Y349.14
[11:25:50] [MOM buyback SKIP] 现金 不足: planned 100 actual 0
[11:25:50] [MOM buyback FAIL] 未成交, 保持 DIPPING
[11:25:51] [MOM buyback buy] low Y348.51 回升0.18% → Y349.14
[11:25:51] [MOM buyback SKIP] 现金 不足: planned 100 actual 0
[11:25:51] [MOM buyback FAIL] 未成交, 保持 DIPPING
[11:25:52] [MOM buyback buy] low Y348.51 回升0.15% → Y349.02
[11:25:52] [MOM buyback SKIP] 现金 不足: planned 100 actual 0
[11:25:52] [MOM buyback FAIL] 未成交, 保持 DIPPING
[11:25:53] [MOM buyback buy] low Y348.51 回升0.15% → Y349.02
[11:25:53] [MOM buyback SKIP] 现金 不足: planned 100 actual 0
[11:25:53] [MOM buyback FAIL] 未成交, 保持 DIPPING
[11:25:54] [MOM buyback buy] low Y348.51 回升0.15% → Y349.02
[11:25:54] [MOM buyback SKIP] 现金 不足: planned 100 actual 0
[11:25:54] [MOM buyback FAIL] 未成交, 保持 DIPPING
[11:25:55] [MOM buyback buy] low Y348.51 回升0.14% → Y349.00
[11:25:55] [MOM buyback SKIP] 现金 不足: planned 100 actual 0
[11:25:55] [MOM buyback FAIL] 未成交, 保持 DIPPING
[11:25:56] [MOM buyback buy] low Y348.51 回升0.14% → Y349.00
[11:25:56] [MOM buyback SKIP] 现金 不足: planned 100 actual 0
[11:25:56] [MOM buyback FAIL] 未成交, 保持 DIPPING
[11:25:57] [MOM buyback buy] low Y348.51 回升0.14% → Y349.00
[11:25:57] [MOM buyback SKIP] 现金 不足: planned 100 actual 0
[11:25:57] [MOM buyback FAIL] 未成交, 保持 DIPPING
[11:25:58] [MOM buyback buy] low Y348.51 回升0.15% → Y349.02
[11:25:58] [MOM buyback SKIP] 现金 不足: planned 100 actual 0
[11:25:58] [MOM buyback FAIL] 未成交, 保持 DIPPING
[11:25:59] [MOM buyback buy] low Y348.51 回升0.15% → Y349.02
[11:25:59] [MOM buyback SKIP] 现金 不足: planned 100 actual 0
[11:25:59] [MOM buyback FAIL] 未成交, 保持 DIPPING
[11:26:00] [MOM buyback buy] low Y348.51 回升0.15% → Y349.02
[11:26:00] [MOM buyback SKIP] 现金 不足: planned 100 actual 0
[11:26:00] [MOM buyback FAIL] 未成交, 保持 DIPPING
[11:26:01] [MOM buyback buy] low Y348.51 回升0.18% → Y349.13
[11:26:01] [MOM buyback SKIP] 现金 不足: planned 100 actual 0
[11:26:01] [MOM buyback FAIL] 未成交, 保持 DIPPING
[11:26:02] [MOM buyback buy] low Y348.51 回升0.18% → Y349.13
[11:26:02] [MOM buyback SKIP] 现金 不足: planned 100 actual 0
[11:26:02] [MOM buyback FAIL] 未成交, 保持 DIPPING
[11:26:03] [MOM buyback buy] low Y348.51 回升0.18% → Y349.13
[11:26:03] [MOM buyback SKIP] 现金 不足: planned 100 actual 0
[11:26:03] [MOM buyback FAIL] 未成交, 保持 DIPPING
[11:26:04] [MOM buyback buy] low Y348.51 回升0.30% → Y349.55
[11:26:04] [MOM buyback SKIP] 现金 不足: planned 100 actual 0
[11:26:04] [MOM buyback FAIL] 未成交, 保持 DIPPING
[11:26:05] [MOM buyback buy] low Y348.51 回升0.30% → Y349.55
[11:26:05] [MOM buyback SKIP] 现金 不足: planned 100 actual 0
[11:26:05] [MOM buyback FAIL] 未成交, 保持 DIPPING
[11:26:06] [MOM buyback buy] low Y348.51 回升0.30% → Y349.55
[11:26:06] [MOM buyback SKIP] 现金 不足: planned 100 actual 0
[11:26:06] [MOM buyback FAIL] 未成交, 保持 DIPPING
[11:26:07] [MOM buyback buy] low Y348.51 回升0.30% → Y349.55
[11:26:07] [MOM buyback SKIP] 现金 不足: planned 100 actual 0
[11:26:07] [MOM buyback FAIL] 未成交, 保持 DIPPING
[11:26:08] [MOM buyback buy] low Y348.51 回升0.30% → Y349.55
[11:26:08] [MOM buyback SKIP] 现金 不足: planned 100 actual 0
[11:26:08] [MOM buyback FAIL] 未成交, 保持 DIPPING
[11:26:09] [MOM buyback buy] low Y348.51 回升0.30% → Y349.55
[11:26:09] [MOM buyback SKIP] 现金 不足: planned 100 actual 0
[11:26:09] [MOM buyback FAIL] 未成交, 保持 DIPPING
[11:26:10] [MOM buyback buy] low Y348.51 回升0.31% → Y349.60
[11:26:10] [MOM buyback SKIP] 现金 不足: planned 100 actual 0
[11:26:10] [MOM buyback FAIL] 未成交, 保持 DIPPING
[11:26:11] [MOM buyback buy] low Y348.51 回升0.31% → Y349.60
[11:26:11] [MOM buyback SKIP] 现金 不足: planned 100 actual 0
[11:26:11] [MOM buyback FAIL] 未成交, 保持 DIPPING
[11:26:12] [MOM buyback buy] low Y348.51 回升0.31% → Y349.60
[11:26:12] [MOM buyback SKIP] 现金 不足: planned 100 actual 0
[11:26:12] [MOM buyback FAIL] 未成交, 保持 DIPPING
[11:26:13] [MOM buyback buy] low Y348.51 回升0.28% → Y349.49
[11:26:13] [MOM buyback SKIP] 现金 不足: planned 100 actual 0
[11:26:13] [MOM buyback FAIL] 未成交, 保持 DIPPING
[11:26:14] [MOM buyback buy] low Y348.51 回升0.28% → Y349.49
[11:26:14] [MOM buyback SKIP] 现金 不足: planned 100 actual 0
[11:26:14] [MOM buyback FAIL] 未成交, 保持 DIPPING
[11:26:15] [MOM buyback buy] low Y348.51 回升0.28% → Y349.49
[11:26:15] [MOM buyback SKIP] 现金 不足: planned 100 actual 0
[11:26:15] [MOM buyback FAIL] 未成交, 保持 DIPPING
[11:26:16] [MOM buyback buy] low Y348.51 回升0.21% → Y349.25
[11:26:16] [MOM buyback SKIP] 现金 不足: planned 100 actual 0
[11:26:16] [MOM buyback FAIL] 未成交, 保持 DIPPING
[11:26:17] [MOM buyback buy] low Y348.51 回升0.21% → Y349.25
[11:26:17] [MOM buyback SKIP] 现金 不足: planned 100 actual 0
[11:26:17] [MOM buyback FAIL] 未成交, 保持 DIPPING
[11:26:18] [MOM buyback buy] low Y348.51 回升0.21% → Y349.25
[11:26:18] [MOM buyback SKIP] 现金 不足: planned 100 actual 0
[11:26:18] [MOM buyback FAIL] 未成交, 保持 DIPPING
[11:26:19] [MOM buyback buy] low Y348.51 回升0.21% → Y349.24
[11:26:19] [MOM buyback SKIP] 现金 不足: planned 100 actual 0
[11:26:19] [MOM buyback FAIL] 未成交, 保持 DIPPING
[11:26:19] [HB] BT_BOUGHT Y349.24 buy Y352.38 -0.9% sellback Y356.61 ladder Y347.09
[11:26:20] [MOM buyback buy] low Y348.51 回升0.21% → Y349.24
[11:26:20] [MOM buyback SKIP] 现金 不足: planned 100 actual 0
[11:26:20] [MOM buyback FAIL] 未成交, 保持 DIPPING
[11:26:21] [MOM buyback buy] low Y348.51 回升0.21% → Y349.24
[11:26:21] [MOM buyback SKIP] 现金 不足: planned 100 actual 0
[11:26:21] [MOM buyback FAIL] 未成交, 保持 DIPPING
[11:26:22] [MOM buyback buy] low Y348.51 回升0.18% → Y349.13
[11:26:22] [MOM buyback SKIP] 现金 不足: planned 100 actual 0
[11:26:22] [MOM buyback FAIL] 未成交, 保持 DIPPING
[11:26:23] [MOM buyback buy] low Y348.51 回升0.18% → Y349.13
[11:26:23] [MOM buyback SKIP] 现金 不足: planned 100 actual 0
[11:26:23] [MOM buyback FAIL] 未成交, 保持 DIPPING
[11:26:24] [MOM buyback buy] low Y348.51 回升0.18% → Y349.13
[11:26:24] [MOM buyback SKIP] 现金 不足: planned 100 actual 0
[11:26:24] [MOM buyback FAIL] 未成交, 保持 DIPPING
[11:26:25] [MOM buyback buy] low Y348.51 回升0.18% → Y349.13
[11:26:25] [MOM buyback SKIP] 现金 不足: planned 100 actual 0
[11:26:25] [MOM buyback FAIL] 未成交, 保持 DIPPING
[11:26:26] [MOM buyback buy] low Y348.51 回升0.18% → Y349.13
[11:26:26] [MOM buyback SKIP] 现金 不足: planned 100 actual 0
[11:26:26] [MOM buyback FAIL] 未成交, 保持 DIPPING
[11:26:27] [MOM buyback buy] low Y348.51 回升0.18% → Y349.13
[11:26:27] [MOM buyback SKIP] 现金 不足: planned 100 actual 0
[11:26:27] [MOM buyback FAIL] 未成交, 保持 DIPPING
[11:26:28] [MOM buyback buy] low Y348.51 回升0.18% → Y349.13
[11:26:28] [MOM buyback SKIP] 现金 不足: planned 100 actual 0
[11:26:28] [MOM buyback FAIL] 未成交, 保持 DIPPING
[11:26:29] [MOM buyback buy] low Y348.51 回升0.18% → Y349.13
[11:26:29] [MOM buyback SKIP] 现金 不足: planned 100 actual 0
[11:26:29] [MOM buyback FAIL] 未成交, 保持 DIPPING
[11:26:30] [MOM buyback buy] low Y348.51 回升0.18% → Y349.13
[11:26:30] [MOM buyback SKIP] 现金 不足: planned 100 actual 0
[11:26:30] [MOM buyback FAIL] 未成交, 保持 DIPPING
[11:26:31] [MOM buyback buy] low Y348.51 回升0.18% → Y349.14
[11:26:31] [MOM buyback SKIP] 现金 不足: planned 100 actual 0
[11:26:31] [MOM buyback FAIL] 未成交, 保持 DIPPING
[11:26:32] [MOM buyback buy] low Y348.51 回升0.18% → Y349.14
[11:26:32] [MOM buyback SKIP] 现金 不足: planned 100 actual 0
[11:26:32] [MOM buyback FAIL] 未成交, 保持 DIPPING
[11:26:33] [MOM buyback buy] low Y348.51 回升0.18% → Y349.14
[11:26:33] [MOM buyback SKIP] 现金 不足: planned 100 actual 0
[11:26:33] [MOM buyback FAIL] 未成交, 保持 DIPPING
[11:26:34] [MOM buyback buy] low Y348.51 回升0.25% → Y349.38
[11:26:34] [MOM buyback SKIP] 现金 不足: planned 100 actual 0
[11:26:34] [MOM buyback FAIL] 未成交, 保持 DIPPING
[11:26:34] [MOM-HB] 探底回升买回: dip Y348.51 Y349.38 trig±1.00%
[11:26:35] [MOM buyback buy] low Y348.51 回升0.25% → Y349.38
[11:26:35] [MOM buyback SKIP] 现金 不足: planned 100 actual 0
[11:26:35] [MOM buyback FAIL] 未成交, 保持 DIPPING
[11:26:36] [MOM buyback buy] low Y348.51 回升0.25% → Y349.38
[11:26:36] [MOM buyback SKIP] 现金 不足: planned 100 actual 0
[11:26:36] [MOM buyback FAIL] 未成交, 保持 DIPPING
[11:26:37] [MOM buyback buy] low Y348.51 回升0.18% → Y349.13
[11:26:37] [MOM buyback SKIP] 现金 不足: planned 100 actual 0
[11:26:37] [MOM buyback FAIL] 未成交, 保持 DIPPING
[11:26:38] [MOM buyback buy] low Y348.51 回升0.18% → Y349.13
[11:26:38] [MOM buyback SKIP] 现金 不足: planned 100 actual 0
[11:26:38] [MOM buyback FAIL] 未成交, 保持 DIPPING
[11:26:39] [MOM buyback buy] low Y348.51 回升0.18% → Y349.13
[11:26:39] [MOM buyback SKIP] 现金 不足: planned 100 actual 0
[11:26:39] [MOM buyback FAIL] 未成交, 保持 DIPPING
[11:26:40] [MOM buyback buy] low Y348.51 回升0.18% → Y349.14
[11:26:40] [MOM buyback SKIP] 现金 不足: planned 100 actual 0
[11:26:40] [MOM buyback FAIL] 未成交, 保持 DIPPING
[11:26:41] [MOM buyback buy] low Y348.51 回升0.18% → Y349.14
[11:26:41] [MOM buyback SKIP] 现金 不足: planned 100 actual 0
[11:26:41] [MOM buyback FAIL] 未成交, 保持 DIPPING
[11:26:42] [MOM buyback buy] low Y348.51 回升0.18% → Y349.14
[11:26:42] [MOM buyback SKIP] 现金 不足: planned 100 actual 0
[11:26:42] [MOM buyback FAIL] 未成交, 保持 DIPPING
[11:26:43] [MOM buyback buy] low Y348.51 回升0.18% → Y349.15
[11:26:43] [MOM buyback SKIP] 现金 不足: planned 100 actual 0
[11:26:43] [MOM buyback FAIL] 未成交, 保持 DIPPING
[11:26:44] [MOM buyback buy] low Y348.51 回升0.18% → Y349.15
[11:26:44] [MOM buyback SKIP] 现金 不足: planned 100 actual 0
[11:26:44] [MOM buyback FAIL] 未成交, 保持 DIPPING
[11:26:45] [MOM buyback buy] low Y348.51 回升0.18% → Y349.15
[11:26:45] [MOM buyback SKIP] 现金 不足: planned 100 actual 0
[11:26:45] [MOM buyback FAIL] 未成交, 保持 DIPPING
[11:26:46] [MOM buyback buy] low Y348.51 回升0.15% → Y349.03
[11:26:46] [MOM buyback SKIP] 现金 不足: planned 100 actual 0
[11:26:46] [MOM buyback FAIL] 未成交, 保持 DIPPING
[11:26:47] [MOM buyback buy] low Y348.51 回升0.15% → Y349.03
[11:26:47] [MOM buyback SKIP] 现金 不足: planned 100 actual 0
[11:26:47] [MOM buyback FAIL] 未成交, 保持 DIPPING
[11:26:48] [MOM buyback buy] low Y348.51 回升0.15% → Y349.03
[11:26:48] [MOM buyback SKIP] 现金 不足: planned 100 actual 0
[11:26:48] [MOM buyback FAIL] 未成交, 保持 DIPPING
[11:26:49] [MOM buyback buy] low Y348.51 回升0.18% → Y349.13
[11:26:49] [MOM buyback SKIP] 现金 不足: planned 100 actual 0
[11:26:49] [MOM buyback FAIL] 未成交, 保持 DIPPING
[11:26:50] [MOM buyback buy] low Y348.51 回升0.18% → Y349.13
[11:26:50] [MOM buyback SKIP] 现金 不足: planned 100 actual 0
[11:26:50] [MOM buyback FAIL] 未成交, 保持 DIPPING
[11:26:51] [MOM buyback buy] low Y348.51 回升0.18% → Y349.13
[11:26:51] [MOM buyback SKIP] 现金 不足: planned 100 actual 0
[11:26:51] [MOM buyback FAIL] 未成交, 保持 DIPPING
[11:26:52] [MOM buyback buy] low Y348.51 回升0.18% → Y349.15
[11:26:52] [MOM buyback SKIP] 现金 不足: planned 100 actual 0
[11:26:52] [MOM buyback FAIL] 未成交, 保持 DIPPING
[11:26:53] [MOM buyback buy] low Y348.51 回升0.18% → Y349.15
[11:26:53] [MOM buyback SKIP] 现金 不足: planned 100 actual 0
[11:26:53] [MOM buyback FAIL] 未成交, 保持 DIPPING
[11:26:54] [MOM buyback buy] low Y348.51 回升0.18% → Y349.15
[11:26:54] [MOM buyback SKIP] 现金 不足: planned 100 actual 0
[11:26:54] [MOM buyback FAIL] 未成交, 保持 DIPPING
[11:26:55] [MOM buyback buy] low Y348.51 回升0.18% → Y349.14
[11:26:55] [MOM buyback SKIP] 现金 不足: planned 100 actual 0
[11:26:55] [MOM buyback FAIL] 未成交, 保持 DIPPING
[11:26:56] [MOM buyback buy] low Y348.51 回升0.18% → Y349.14
[11:26:56] [MOM buyback SKIP] 现金 不足: planned 100 actual 0
[11:26:56] [MOM buyback FAIL] 未成交, 保持 DIPPING
[11:26:57] [MOM buyback buy] low Y348.51 回升0.18% → Y349.14
[11:26:57] [MOM buyback SKIP] 现金 不足: planned 100 actual 0
[11:26:57] [MOM buyback FAIL] 未成交, 保持 DIPPING
[11:26:58] [MOM buyback buy] low Y348.51 回升0.18% → Y349.13
[11:26:58] [MOM buyback SKIP] 现金 不足: planned 100 actual 0
[11:26:58] [MOM buyback FAIL] 未成交, 保持 DIPPING
[11:26:59] [MOM buyback buy] low Y348.51 回升0.18% → Y349.13
[11:26:59] [MOM buyback SKIP] 现金 不足: planned 100 actual 0
[11:26:59] [MOM buyback FAIL] 未成交, 保持 DIPPING
[11:27:00] [MOM buyback buy] low Y348.51 回升0.18% → Y349.13
[11:27:00] [MOM buyback SKIP] 现金 不足: planned 100 actual 0
[11:27:00] [MOM buyback FAIL] 未成交, 保持 DIPPING
[11:27:01] [MOM buyback buy] low Y348.51 回升0.15% → Y349.03
[11:27:01] [MOM buyback SKIP] 现金 不足: planned 100 actual 0
[11:27:01] [MOM buyback FAIL] 未成交, 保持 DIPPING
[11:27:02] [MOM buyback buy] low Y348.51 回升0.15% → Y349.03
[11:27:02] [MOM buyback SKIP] 现金 不足: planned 100 actual 0
[11:27:02] [MOM buyback FAIL] 未成交, 保持 DIPPING
[11:27:03] [MOM buyback buy] low Y348.51 回升0.15% → Y349.03
[11:27:03] [MOM buyback SKIP] 现金 不足: planned 100 actual 0
[11:27:03] [MOM buyback FAIL] 未成交, 保持 DIPPING
[11:27:04] [MOM buyback buy] low Y348.51 回升0.15% → Y349.03
[11:27:04] [MOM buyback SKIP] 现金 不足: planned 100 actual 0
[11:27:04] [MOM buyback FAIL] 未成交, 保持 DIPPING
[11:27:05] [MOM buyback buy] low Y348.51 回升0.15% → Y349.03
[11:27:05] [MOM buyback SKIP] 现金 不足: planned 100 actual 0
[11:27:05] [MOM buyback FAIL] 未成交, 保持 DIPPING
[11:27:06] [MOM buyback buy] low Y348.51 回升0.15% → Y349.03
[11:27:06] [MOM buyback SKIP] 现金 不足: planned 100 actual 0
[11:27:06] [MOM buyback FAIL] 未成交, 保持 DIPPING
[11:27:07] [MOM buyback buy] low Y348.51 回升0.15% → Y349.03
[11:27:07] [MOM buyback SKIP] 现金 不足: planned 100 actual 0
[11:27:07] [MOM buyback FAIL] 未成交, 保持 DIPPING
[11:27:08] [MOM buyback buy] low Y348.51 回升0.15% → Y349.03
[11:27:08] [MOM buyback SKIP] 现金 不足: planned 100 actual 0
[11:27:08] [MOM buyback FAIL] 未成交, 保持 DIPPING
[11:27:09] [MOM buyback buy] low Y348.51 回升0.15% → Y349.03
[11:27:09] [MOM buyback SKIP] 现金 不足: planned 100 actual 0
[11:27:09] [MOM buyback FAIL] 未成交, 保持 DIPPING
[11:27:10] [MOM buyback buy] low Y348.51 回升0.15% → Y349.03
[11:27:10] [MOM buyback SKIP] 现金 不足: planned 100 actual 0
[11:27:10] [MOM buyback FAIL] 未成交, 保持 DIPPING
[11:27:11] [MOM buyback buy] low Y348.51 回升0.15% → Y349.03
[11:27:11] [MOM buyback SKIP] 现金 不足: planned 100 actual 0
[11:27:11] [MOM buyback FAIL] 未成交, 保持 DIPPING
[11:27:12] [MOM buyback buy] low Y348.51 回升0.15% → Y349.03
[11:27:12] [MOM buyback SKIP] 现金 不足: planned 100 actual 0
[11:27:12] [MOM buyback FAIL] 未成交, 保持 DIPPING
[11:27:13] [MOM buyback buy] low Y348.51 回升0.15% → Y349.03
[11:27:13] [MOM buyback SKIP] 现金 不足: planned 100 actual 0
[11:27:13] [MOM buyback FAIL] 未成交, 保持 DIPPING
[11:27:14] [MOM buyback buy] low Y348.51 回升0.15% → Y349.03
[11:27:14] [MOM buyback SKIP] 现金 不足: planned 100 actual 0
[11:27:14] [MOM buyback FAIL] 未成交, 保持 DIPPING
[11:27:15] [MOM buyback buy] low Y348.51 回升0.15% → Y349.03
[11:27:15] [MOM buyback SKIP] 现金 不足: planned 100 actual 0
[11:27:15] [MOM buyback FAIL] 未成交, 保持 DIPPING
[11:27:16] [MOM buyback buy] low Y348.51 回升0.16% → Y349.08
[11:27:16] [MOM buyback SKIP] 现金 不足: planned 100 actual 0
[11:27:16] [MOM buyback FAIL] 未成交, 保持 DIPPING
[11:27:17] [MOM buyback buy] low Y348.51 回升0.16% → Y349.08
[11:27:17] [MOM buyback SKIP] 现金 不足: planned 100 actual 0
[11:27:17] [MOM buyback FAIL] 未成交, 保持 DIPPING
[11:27:18] [MOM buyback buy] low Y348.51 回升0.16% → Y349.08
[11:27:18] [MOM buyback SKIP] 现金 不足: planned 100 actual 0
[11:27:18] [MOM buyback FAIL] 未成交, 保持 DIPPING
[11:27:19] [MOM buyback buy] low Y348.51 回升0.14% → Y349.01
[11:27:19] [MOM buyback SKIP] 现金 不足: planned 100 actual 0
[11:27:19] [MOM buyback FAIL] 未成交, 保持 DIPPING
[11:27:19] [HB] BT_BOUGHT Y349.01 buy Y352.38 -1.0% sellback Y356.61 ladder Y347.09
[11:27:20] [MOM buyback buy] low Y348.51 回升0.14% → Y349.01
[11:27:20] [MOM buyback SKIP] 现金 不足: planned 100 actual 0
[11:27:20] [MOM buyback FAIL] 未成交, 保持 DIPPING
[11:27:21] [MOM buyback buy] low Y348.51 回升0.14% → Y349.01
[11:27:21] [MOM buyback SKIP] 现金 不足: planned 100 actual 0
[11:27:21] [MOM buyback FAIL] 未成交, 保持 DIPPING
[11:27:22] [MOM buyback buy] low Y348.51 回升0.15% → Y349.03
[11:27:22] [MOM buyback SKIP] 现金 不足: planned 100 actual 0
[11:27:22] [MOM buyback FAIL] 未成交, 保持 DIPPING
[11:27:23] [MOM buyback buy] low Y348.51 回升0.15% → Y349.03
[11:27:23] [MOM buyback SKIP] 现金 不足: planned 100 actual 0
[11:27:23] [MOM buyback FAIL] 未成交, 保持 DIPPING
[11:27:24] [MOM buyback buy] low Y348.51 回升0.15% → Y349.03
[11:27:24] [MOM buyback SKIP] 现金 不足: planned 100 actual 0
[11:27:24] [MOM buyback FAIL] 未成交, 保持 DIPPING
[11:27:25] [MOM buyback buy] low Y348.51 回升0.15% → Y349.03
[11:27:25] [MOM buyback SKIP] 现金 不足: planned 100 actual 0
[11:27:25] [MOM buyback FAIL] 未成交, 保持 DIPPING
[11:27:26] [MOM buyback buy] low Y348.51 回升0.15% → Y349.03
[11:27:26] [MOM buyback SKIP] 现金 不足: planned 100 actual 0
[11:27:26] [MOM buyback FAIL] 未成交, 保持 DIPPING
[11:27:27] [MOM buyback buy] low Y348.51 回升0.15% → Y349.03
[11:27:27] [MOM buyback SKIP] 现金 不足: planned 100 actual 0
[11:27:27] [MOM buyback FAIL] 未成交, 保持 DIPPING
[11:27:28] [MOM buyback buy] low Y348.51 回升0.15% → Y349.03
[11:27:28] [MOM buyback SKIP] 现金 不足: planned 100 actual 0
[11:27:28] [MOM buyback FAIL] 未成交, 保持 DIPPING
[11:27:29] [MOM buyback buy] low Y348.51 回升0.15% → Y349.03
[11:27:29] [MOM buyback SKIP] 现金 不足: planned 100 actual 0
[11:27:29] [MOM buyback FAIL] 未成交, 保持 DIPPING
[11:27:30] [MOM buyback buy] low Y348.51 回升0.15% → Y349.03
[11:27:30] [MOM buyback SKIP] 现金 不足: planned 100 actual 0
[11:27:30] [MOM buyback FAIL] 未成交, 保持 DIPPING
[11:27:31] [MOM buyback buy] low Y348.51 回升0.14% → Y349.01
[11:27:31] [MOM buyback SKIP] 现金 不足: planned 100 actual 0
[11:27:31] [MOM buyback FAIL] 未成交, 保持 DIPPING
[11:27:32] [MOM buyback buy] low Y348.51 回升0.14% → Y349.01
[11:27:32] [MOM buyback SKIP] 现金 不足: planned 100 actual 0
[11:27:32] [MOM buyback FAIL] 未成交, 保持 DIPPING
[11:27:33] [MOM buyback buy] low Y348.51 回升0.14% → Y349.01
[11:27:33] [MOM buyback SKIP] 现金 不足: planned 100 actual 0
[11:27:33] [MOM buyback FAIL] 未成交, 保持 DIPPING
[11:27:34] [MOM buyback buy] low Y348.51 回升0.14% → Y349.00
[11:27:34] [MOM buyback SKIP] 现金 不足: planned 100 actual 0
[11:27:34] [MOM buyback FAIL] 未成交, 保持 DIPPING
[11:27:34] [MOM-HB] 探底回升买回: dip Y348.51 Y349.00 trig±1.00%
[11:27:35] [MOM buyback buy] low Y348.51 回升0.14% → Y349.00
[11:27:35] [MOM buyback SKIP] 现金 不足: planned 100 actual 0
[11:27:35] [MOM buyback FAIL] 未成交, 保持 DIPPING
[11:27:36] [MOM buyback buy] low Y348.51 回升0.14% → Y349.00
[11:27:36] [MOM buyback SKIP] 现金 不足: planned 100 actual 0
[11:27:36] [MOM buyback FAIL] 未成交, 保持 DIPPING
[11:27:37] [MOM buyback buy] low Y348.51 回升0.14% → Y349.01
[11:27:37] [MOM buyback SKIP] 现金 不足: planned 100 actual 0
[11:27:37] [MOM buyback FAIL] 未成交, 保持 DIPPING
[11:27:38] [MOM buyback buy] low Y348.51 回升0.14% → Y349.01
[11:27:38] [MOM buyback SKIP] 现金 不足: planned 100 actual 0
[11:27:38] [MOM buyback FAIL] 未成交, 保持 DIPPING
[11:27:39] [MOM buyback buy] low Y348.51 回升0.14% → Y349.01
[11:27:39] [MOM buyback SKIP] 现金 不足: planned 100 actual 0
[11:27:39] [MOM buyback FAIL] 未成交, 保持 DIPPING
[11:27:40] [MOM buyback buy] low Y348.51 回升0.14% → Y349.01
[11:27:40] [MOM buyback SKIP] 现金 不足: planned 100 actual 0
[11:27:40] [MOM buyback FAIL] 未成交, 保持 DIPPING
[11:27:41] [MOM buyback buy] low Y348.51 回升0.14% → Y349.01
[11:27:41] [MOM buyback SKIP] 现金 不足: planned 100 actual 0
[11:27:41] [MOM buyback FAIL] 未成交, 保持 DIPPING
[11:27:42] [MOM buyback buy] low Y348.51 回升0.14% → Y349.01
[11:27:42] [MOM buyback SKIP] 现金 不足: planned 100 actual 0
[11:27:42] [MOM buyback FAIL] 未成交, 保持 DIPPING
[11:27:43] [MOM buyback buy] low Y348.51 回升0.15% → Y349.02
[11:27:43] [MOM buyback SKIP] 现金 不足: planned 100 actual 0
[11:27:43] [MOM buyback FAIL] 未成交, 保持 DIPPING
[11:27:44] [MOM buyback buy] low Y348.51 回升0.15% → Y349.02
[11:27:44] [MOM buyback SKIP] 现金 不足: planned 100 actual 0
[11:27:44] [MOM buyback FAIL] 未成交, 保持 DIPPING
[11:27:45] [MOM buyback buy] low Y348.51 回升0.15% → Y349.02
[11:27:45] [MOM buyback SKIP] 现金 不足: planned 100 actual 0
[11:27:45] [MOM buyback FAIL] 未成交, 保持 DIPPING
[11:27:46] [MOM buyback buy] low Y348.51 回升0.14% → Y349.01
[11:27:46] [MOM buyback SKIP] 现金 不足: planned 100 actual 0
[11:27:46] [MOM buyback FAIL] 未成交, 保持 DIPPING
[11:27:47] [MOM buyback buy] low Y348.51 回升0.14% → Y349.01
[11:27:47] [MOM buyback SKIP] 现金 不足: planned 100 actual 0
[11:27:47] [MOM buyback FAIL] 未成交, 保持 DIPPING
[11:27:48] [MOM buyback buy] low Y348.51 回升0.14% → Y349.01
[11:27:48] [MOM buyback SKIP] 现金 不足: planned 100 actual 0
[11:27:48] [MOM buyback FAIL] 未成交, 保持 DIPPING
[11:27:49] [MOM buyback buy] low Y348.51 回升0.14% → Y349.00
[11:27:49] [MOM buyback SKIP] 现金 不足: planned 100 actual 0
[11:27:49] [MOM buyback FAIL] 未成交, 保持 DIPPING
[11:27:50] [MOM buyback buy] low Y348.51 回升0.14% → Y349.00
[11:27:50] [MOM buyback SKIP] 现金 不足: planned 100 actual 0
[11:27:50] [MOM buyback FAIL] 未成交, 保持 DIPPING
[11:27:51] [MOM buyback buy] low Y348.51 回升0.14% → Y349.00
[11:27:51] [MOM buyback SKIP] 现金 不足: planned 100 actual 0
[11:27:51] [MOM buyback FAIL] 未成交, 保持 DIPPING
[11:27:52] [MOM buyback buy] low Y348.51 回升0.14% → Y349.00
[11:27:52] [MOM buyback SKIP] 现金 不足: planned 100 actual 0
[11:27:52] [MOM buyback FAIL] 未成交, 保持 DIPPING
[11:27:53] [MOM buyback buy] low Y348.51 回升0.14% → Y349.00
[11:27:53] [MOM buyback SKIP] 现金 不足: planned 100 actual 0
[11:27:53] [MOM buyback FAIL] 未成交, 保持 DIPPING
[11:27:54] [MOM buyback buy] low Y348.51 回升0.14% → Y349.00
[11:27:54] [MOM buyback SKIP] 现金 不足: planned 100 actual 0
[11:27:54] [MOM buyback FAIL] 未成交, 保持 DIPPING
[11:27:55] [MOM buyback buy] low Y348.51 回升0.13% → Y348.97
[11:27:55] [MOM buyback SKIP] 现金 不足: planned 100 actual 0
[11:27:55] [MOM buyback FAIL] 未成交, 保持 DIPPING
[11:27:56] [MOM buyback buy] low Y348.51 回升0.13% → Y348.97
[11:27:56] [MOM buyback SKIP] 现金 不足: planned 100 actual 0
[11:27:56] [MOM buyback FAIL] 未成交, 保持 DIPPING
[11:27:57] [MOM buyback buy] low Y348.51 回升0.13% → Y348.97
[11:27:57] [MOM buyback SKIP] 现金 不足: planned 100 actual 0
[11:27:57] [MOM buyback FAIL] 未成交, 保持 DIPPING
[11:27:58] [MOM buyback buy] low Y348.51 回升0.14% → Y348.99
[11:27:58] [MOM buyback SKIP] 现金 不足: planned 100 actual 0
[11:27:58] [MOM buyback FAIL] 未成交, 保持 DIPPING
[11:27:59] [MOM buyback buy] low Y348.51 回升0.14% → Y348.99
[11:27:59] [MOM buyback SKIP] 现金 不足: planned 100 actual 0
[11:27:59] [MOM buyback FAIL] 未成交, 保持 DIPPING
[11:28:00] [MOM buyback buy] low Y348.51 回升0.14% → Y348.99
[11:28:00] [MOM buyback SKIP] 现金 不足: planned 100 actual 0
[11:28:00] [MOM buyback FAIL] 未成交, 保持 DIPPING
[11:28:01] [MOM buyback buy] low Y348.51 回升0.14% → Y348.99
[11:28:01] [MOM buyback SKIP] 现金 不足: planned 100 actual 0
[11:28:01] [MOM buyback FAIL] 未成交, 保持 DIPPING
[11:28:02] [MOM buyback buy] low Y348.51 回升0.14% → Y348.99
[11:28:02] [MOM buyback SKIP] 现金 不足: planned 100 actual 0
[11:28:02] [MOM buyback FAIL] 未成交, 保持 DIPPING
[11:28:03] [MOM buyback buy] low Y348.51 回升0.14% → Y348.99
[11:28:03] [MOM buyback SKIP] 现金 不足: planned 100 actual 0
[11:28:03] [MOM buyback FAIL] 未成交, 保持 DIPPING
[11:28:04] [MOM buyback buy] low Y348.51 回升0.13% → Y348.98
[11:28:04] [MOM buyback SKIP] 现金 不足: planned 100 actual 0
[11:28:04] [MOM buyback FAIL] 未成交, 保持 DIPPING
[11:28:05] [MOM buyback buy] low Y348.51 回升0.13% → Y348.98
[11:28:05] [MOM buyback SKIP] 现金 不足: planned 100 actual 0
[11:28:05] [MOM buyback FAIL] 未成交, 保持 DIPPING
[11:28:06] [MOM buyback buy] low Y348.51 回升0.13% → Y348.98
[11:28:06] [MOM buyback SKIP] 现金 不足: planned 100 actual 0
[11:28:06] [MOM buyback FAIL] 未成交, 保持 DIPPING
[11:28:07] [MOM buyback buy] low Y348.51 回升0.13% → Y348.97
[11:28:07] [MOM buyback SKIP] 现金 不足: planned 100 actual 0
[11:28:07] [MOM buyback FAIL] 未成交, 保持 DIPPING
[11:28:08] [MOM buyback buy] low Y348.51 回升0.13% → Y348.97
[11:28:08] [MOM buyback SKIP] 现金 不足: planned 100 actual 0
[11:28:08] [MOM buyback FAIL] 未成交, 保持 DIPPING
[11:28:09] [MOM buyback buy] low Y348.51 回升0.13% → Y348.97
[11:28:09] [MOM buyback SKIP] 现金 不足: planned 100 actual 0
[11:28:09] [MOM buyback FAIL] 未成交, 保持 DIPPING
[11:28:10] [MOM buyback buy] low Y348.51 回升0.12% → Y348.93
[11:28:10] [MOM buyback SKIP] 现金 不足: planned 100 actual 0
[11:28:10] [MOM buyback FAIL] 未成交, 保持 DIPPING
[11:28:11] [MOM buyback buy] low Y348.51 回升0.12% → Y348.93
[11:28:11] [MOM buyback SKIP] 现金 不足: planned 100 actual 0
[11:28:11] [MOM buyback FAIL] 未成交, 保持 DIPPING
[11:28:12] [MOM buyback buy] low Y348.51 回升0.12% → Y348.93
[11:28:12] [MOM buyback SKIP] 现金 不足: planned 100 actual 0
[11:28:12] [MOM buyback FAIL] 未成交, 保持 DIPPING
[11:28:13] [MOM buyback buy] low Y348.51 回升0.12% → Y348.92
[11:28:13] [MOM buyback SKIP] 现金 不足: planned 100 actual 0
[11:28:13] [MOM buyback FAIL] 未成交, 保持 DIPPING
[11:28:14] [MOM buyback buy] low Y348.51 回升0.12% → Y348.92
[11:28:14] [MOM buyback SKIP] 现金 不足: planned 100 actual 0
[11:28:14] [MOM buyback FAIL] 未成交, 保持 DIPPING
[11:28:15] [MOM buyback buy] low Y348.51 回升0.12% → Y348.92
[11:28:15] [MOM buyback SKIP] 现金 不足: planned 100 actual 0
[11:28:15] [MOM buyback FAIL] 未成交, 保持 DIPPING
[11:28:16] [MOM buyback buy] low Y348.51 回升0.11% → Y348.91
[11:28:16] [MOM buyback SKIP] 现金 不足: planned 100 actual 0
[11:28:16] [MOM buyback FAIL] 未成交, 保持 DIPPING
[11:28:17] [MOM buyback buy] low Y348.51 回升0.11% → Y348.91
[11:28:17] [MOM buyback SKIP] 现金 不足: planned 100 actual 0
[11:28:17] [MOM buyback FAIL] 未成交, 保持 DIPPING
[11:28:18] [MOM buyback buy] low Y348.51 回升0.11% → Y348.91
[11:28:18] [MOM buyback SKIP] 现金 不足: planned 100 actual 0
[11:28:18] [MOM buyback FAIL] 未成交, 保持 DIPPING
[11:28:19] [MOM buyback buy] low Y348.51 回升0.12% → Y348.92
[11:28:19] [MOM buyback SKIP] 现金 不足: planned 100 actual 0
[11:28:19] [MOM buyback FAIL] 未成交, 保持 DIPPING
[11:28:19] [HB] BT_BOUGHT Y348.92 buy Y352.38 -1.0% sellback Y356.61 ladder Y347.09
[11:28:20] [MOM buyback buy] low Y348.51 回升0.12% → Y348.92
[11:28:20] [MOM buyback SKIP] 现金 不足: planned 100 actual 0
[11:28:20] [MOM buyback FAIL] 未成交, 保持 DIPPING
[11:28:21] [MOM buyback buy] low Y348.51 回升0.12% → Y348.92
[11:28:21] [MOM buyback SKIP] 现金 不足: planned 100 actual 0
[11:28:21] [MOM buyback FAIL] 未成交, 保持 DIPPING
[11:28:22] [MOM buyback buy] low Y348.51 回升0.10% → Y348.87
[11:28:22] [MOM buyback SKIP] 现金 不足: planned 100 actual 0
[11:28:22] [MOM buyback FAIL] 未成交, 保持 DIPPING
[11:28:23] [MOM buyback buy] low Y348.51 回升0.10% → Y348.87
[11:28:23] [MOM buyback SKIP] 现金 不足: planned 100 actual 0
[11:28:23] [MOM buyback FAIL] 未成交, 保持 DIPPING
[11:28:24] [MOM buyback buy] low Y348.51 回升0.10% → Y348.87
[11:28:24] [MOM buyback SKIP] 现金 不足: planned 100 actual 0
[11:28:24] [MOM buyback FAIL] 未成交, 保持 DIPPING
[11:28:28] [MOM buyback buy] low Y348.51 回升0.10% → Y348.86
[11:28:28] [MOM buyback SKIP] 现金 不足: planned 100 actual 0
[11:28:28] [MOM buyback FAIL] 未成交, 保持 DIPPING
[11:28:29] [MOM buyback buy] low Y348.51 回升0.10% → Y348.86
[11:28:29] [MOM buyback SKIP] 现金 不足: planned 100 actual 0
[11:28:29] [MOM buyback FAIL] 未成交, 保持 DIPPING
[11:28:30] [MOM buyback buy] low Y348.51 回升0.10% → Y348.86
[11:28:30] [MOM buyback SKIP] 现金 不足: planned 100 actual 0
[11:28:30] [MOM buyback FAIL] 未成交, 保持 DIPPING
[11:28:34] [MOM-HB] 探底回升买回: dip Y348.51 Y348.70 trig±1.00%
[11:29:07] [MOM buyback buy] low Y348.19 回升0.12% → Y348.60
[11:29:07] [MOM buyback SKIP] 现金 不足: planned 100 actual 0
[11:29:07] [MOM buyback FAIL] 未成交, 保持 DIPPING
[11:29:08] [MOM buyback buy] low Y348.19 回升0.12% → Y348.60
[11:29:08] [MOM buyback SKIP] 现金 不足: planned 100 actual 0
[11:29:08] [MOM buyback FAIL] 未成交, 保持 DIPPING
[11:29:09] [MOM buyback buy] low Y348.19 回升0.12% → Y348.60
[11:29:09] [MOM buyback SKIP] 现金 不足: planned 100 actual 0
[11:29:09] [MOM buyback FAIL] 未成交, 保持 DIPPING
[11:29:10] [MOM buyback buy] low Y348.19 回升0.20% → Y348.90
[11:29:10] [MOM buyback SKIP] 现金 不足: planned 100 actual 0
[11:29:10] [MOM buyback FAIL] 未成交, 保持 DIPPING
[11:29:11] [MOM buyback buy] low Y348.19 回升0.20% → Y348.90
[11:29:11] [MOM buyback SKIP] 现金 不足: planned 100 actual 0
[11:29:11] [MOM buyback FAIL] 未成交, 保持 DIPPING
[11:29:12] [MOM buyback buy] low Y348.19 回升0.20% → Y348.90
[11:29:12] [MOM buyback SKIP] 现金 不足: planned 100 actual 0
[11:29:12] [MOM buyback FAIL] 未成交, 保持 DIPPING
[11:29:13] [MOM buyback buy] low Y348.19 回升0.16% → Y348.73
[11:29:13] [MOM buyback SKIP] 现金 不足: planned 100 actual 0
[11:29:13] [MOM buyback FAIL] 未成交, 保持 DIPPING
[11:29:14] [MOM buyback buy] low Y348.19 回升0.16% → Y348.73
[11:29:14] [MOM buyback SKIP] 现金 不足: planned 100 actual 0
[11:29:14] [MOM buyback FAIL] 未成交, 保持 DIPPING
[11:29:15] [MOM buyback buy] low Y348.19 回升0.16% → Y348.73
[11:29:15] [MOM buyback SKIP] 现金 不足: planned 100 actual 0
[11:29:15] [MOM buyback FAIL] 未成交, 保持 DIPPING
[11:29:16] [MOM buyback buy] low Y348.19 回升0.21% → Y348.93
[11:29:16] [MOM buyback SKIP] 现金 不足: planned 100 actual 0
[11:29:16] [MOM buyback FAIL] 未成交, 保持 DIPPING
[11:29:17] [MOM buyback buy] low Y348.19 回升0.21% → Y348.93
[11:29:17] [MOM buyback SKIP] 现金 不足: planned 100 actual 0
[11:29:17] [MOM buyback FAIL] 未成交, 保持 DIPPING
[11:29:18] [MOM buyback buy] low Y348.19 回升0.21% → Y348.93
[11:29:18] [MOM buyback SKIP] 现金 不足: planned 100 actual 0
[11:29:18] [MOM buyback FAIL] 未成交, 保持 DIPPING
[11:29:19] [MOM buyback buy] low Y348.19 回升0.20% → Y348.90
[11:29:19] [MOM buyback SKIP] 现金 不足: planned 100 actual 0
[11:29:19] [MOM buyback FAIL] 未成交, 保持 DIPPING
[11:29:19] [HB] BT_BOUGHT Y348.90 buy Y352.38 -1.0% sellback Y356.61 ladder Y347.09
[11:29:20] [MOM buyback buy] low Y348.19 回升0.20% → Y348.90
[11:29:20] [MOM buyback SKIP] 现金 不足: planned 100 actual 0
[11:29:20] [MOM buyback FAIL] 未成交, 保持 DIPPING
[11:29:21] [MOM buyback buy] low Y348.19 回升0.20% → Y348.90
[11:29:21] [MOM buyback SKIP] 现金 不足: planned 100 actual 0
[11:29:21] [MOM buyback FAIL] 未成交, 保持 DIPPING
[11:29:22] [MOM buyback buy] low Y348.19 回升0.20% → Y348.90
[11:29:22] [MOM buyback SKIP] 现金 不足: planned 100 actual 0
[11:29:22] [MOM buyback FAIL] 未成交, 保持 DIPPING
[11:29:23] [MOM buyback buy] low Y348.19 回升0.20% → Y348.90
[11:29:23] [MOM buyback SKIP] 现金 不足: planned 100 actual 0
[11:29:23] [MOM buyback FAIL] 未成交, 保持 DIPPING
[11:29:24] [MOM buyback buy] low Y348.19 回升0.20% → Y348.90
[11:29:24] [MOM buyback SKIP] 现金 不足: planned 100 actual 0
[11:29:24] [MOM buyback FAIL] 未成交, 保持 DIPPING
[11:29:25] [MOM buyback buy] low Y348.19 回升0.18% → Y348.80
[11:29:25] [MOM buyback SKIP] 现金 不足: planned 100 actual 0
[11:29:25] [MOM buyback FAIL] 未成交, 保持 DIPPING
[11:29:26] [MOM buyback buy] low Y348.19 回升0.18% → Y348.80
[11:29:26] [MOM buyback SKIP] 现金 不足: planned 100 actual 0
[11:29:26] [MOM buyback FAIL] 未成交, 保持 DIPPING
[11:29:27] [MOM buyback buy] low Y348.19 回升0.18% → Y348.80
[11:29:27] [MOM buyback SKIP] 现金 不足: planned 100 actual 0
[11:29:27] [MOM buyback FAIL] 未成交, 保持 DIPPING
[11:29:28] [MOM buyback buy] low Y348.19 回升0.20% → Y348.90
[11:29:28] [MOM buyback SKIP] 现金 不足: planned 100 actual 0
[11:29:28] [MOM buyback FAIL] 未成交, 保持 DIPPING
[11:29:29] [MOM buyback buy] low Y348.19 回升0.20% → Y348.90
[11:29:29] [MOM buyback SKIP] 现金 不足: planned 100 actual 0
[11:29:29] [MOM buyback FAIL] 未成交, 保持 DIPPING
[11:29:30] [MOM buyback buy] low Y348.19 回升0.20% → Y348.90
[11:29:30] [MOM buyback SKIP] 现金 不足: planned 100 actual 0
[11:29:30] [MOM buyback FAIL] 未成交, 保持 DIPPING
[11:29:34] [MOM-HB] 探底回升买回: dip Y348.19 Y348.52 trig±1.00%
[11:29:40] [MOM buyback buy] low Y348.19 回升0.20% → Y348.89
[11:29:40] [MOM buyback SKIP] 现金 不足: planned 100 actual 0
[11:29:40] [MOM buyback FAIL] 未成交, 保持 DIPPING
[11:29:41] [MOM buyback buy] low Y348.19 回升0.20% → Y348.89
[11:29:41] [MOM buyback SKIP] 现金 不足: planned 100 actual 0
[11:29:41] [MOM buyback FAIL] 未成交, 保持 DIPPING
[11:29:42] [MOM buyback buy] low Y348.19 回升0.20% → Y348.89
[11:29:42] [MOM buyback SKIP] 现金 不足: planned 100 actual 0
[11:29:42] [MOM buyback FAIL] 未成交, 保持 DIPPING
[11:29:43] [MOM buyback buy] low Y348.19 回升0.20% → Y348.89
[11:29:43] [MOM buyback SKIP] 现金 不足: planned 100 actual 0
[11:29:43] [MOM buyback FAIL] 未成交, 保持 DIPPING
[11:29:44] [MOM buyback buy] low Y348.19 回升0.20% → Y348.89
[11:29:44] [MOM buyback SKIP] 现金 不足: planned 100 actual 0
[11:29:44] [MOM buyback FAIL] 未成交, 保持 DIPPING
[11:29:45] [MOM buyback buy] low Y348.19 回升0.20% → Y348.89
[11:29:45] [MOM buyback SKIP] 现金 不足: planned 100 actual 0
[11:29:45] [MOM buyback FAIL] 未成交, 保持 DIPPING
[11:29:46] [MOM buyback buy] low Y348.19 回升0.20% → Y348.89
[11:29:46] [MOM buyback SKIP] 现金 不足: planned 100 actual 0
[11:29:46] [MOM buyback FAIL] 未成交, 保持 DIPPING
[11:29:47] [MOM buyback buy] low Y348.19 回升0.20% → Y348.89
[11:29:47] [MOM buyback SKIP] 现金 不足: planned 100 actual 0
[11:29:47] [MOM buyback FAIL] 未成交, 保持 DIPPING
[11:29:48] [MOM buyback buy] low Y348.19 回升0.20% → Y348.89
[11:29:48] [MOM buyback SKIP] 现金 不足: planned 100 actual 0
[11:29:48] [MOM buyback FAIL] 未成交, 保持 DIPPING
[11:29:49] [MOM buyback buy] low Y348.19 回升0.22% → Y348.97
[11:29:49] [MOM buyback SKIP] 现金 不足: planned 100 actual 0
[11:29:49] [MOM buyback FAIL] 未成交, 保持 DIPPING
[11:29:50] [MOM buyback buy] low Y348.19 回升0.22% → Y348.97
[11:29:50] [MOM buyback SKIP] 现金 不足: planned 100 actual 0
[11:29:50] [MOM buyback FAIL] 未成交, 保持 DIPPING
[11:29:51] [MOM buyback buy] low Y348.19 回升0.22% → Y348.97
[11:29:51] [MOM buyback SKIP] 现金 不足: planned 100 actual 0
[11:29:51] [MOM buyback FAIL] 未成交, 保持 DIPPING
[11:29:52] [MOM buyback buy] low Y348.19 回升0.26% → Y349.08
[11:29:52] [MOM buyback SKIP] 现金 不足: planned 100 actual 0
[11:29:52] [MOM buyback FAIL] 未成交, 保持 DIPPING
[11:29:53] [MOM buyback buy] low Y348.19 回升0.26% → Y349.08
[11:29:53] [MOM buyback SKIP] 现金 不足: planned 100 actual 0
[11:29:53] [MOM buyback FAIL] 未成交, 保持 DIPPING
[11:29:54] [MOM buyback buy] low Y348.19 回升0.26% → Y349.08
[11:29:54] [MOM buyback SKIP] 现金 不足: planned 100 actual 0
[11:29:54] [MOM buyback FAIL] 未成交, 保持 DIPPING
[11:29:55] [MOM buyback buy] low Y348.19 回升0.23% → Y348.99
[11:29:55] [MOM buyback SKIP] 现金 不足: planned 100 actual 0
[11:29:55] [MOM buyback FAIL] 未成交, 保持 DIPPING
[11:29:56] [MOM buyback buy] low Y348.19 回升0.23% → Y348.99
[11:29:56] [MOM buyback SKIP] 现金 不足: planned 100 actual 0
[11:29:56] [MOM buyback FAIL] 未成交, 保持 DIPPING
[11:29:57] [MOM buyback buy] low Y348.19 回升0.23% → Y348.99
[11:29:57] [MOM buyback SKIP] 现金 不足: planned 100 actual 0
[11:29:57] [MOM buyback FAIL] 未成交, 保持 DIPPING
[11:29:58] [MOM buyback buy] low Y348.19 回升0.28% → Y349.16
[11:29:58] [MOM buyback SKIP] 现金 不足: planned 100 actual 0
[11:29:58] [MOM buyback FAIL] 未成交, 保持 DIPPING
[11:29:59] [MOM buyback buy] low Y348.19 回升0.28% → Y349.16
[11:29:59] [MOM buyback SKIP] 现金 不足: planned 100 actual 0
[11:29:59] [MOM buyback FAIL] 未成交, 保持 DIPPING
[11:30:00] [MOM buyback buy] low Y348.19 回升0.28% → Y349.16
[11:30:00] [MOM buyback SKIP] 现金 不足: planned 100 actual 0
[11:30:00] [MOM buyback FAIL] 未成交, 保持 DIPPING
[11:34:21] [LUNCH 11:34:21]
[11:39:21] [LUNCH 11:39:21]
[11:44:21] [LUNCH 11:44:21]
[11:49:21] [LUNCH 11:49:21]
[11:54:21] [LUNCH 11:54:21]
[11:59:21] [LUNCH 11:59:21]
[12:04:21] [LUNCH 12:04:21]
[12:09:21] [LUNCH 12:09:21]
[12:14:21] [LUNCH 12:14:21]
[12:19:02] [账号状态] 8890145315 STOCK: 等待登录
[12:19:18] [账号状态] 8890145315 STOCK: 未知(2)
[12:19:18] [账号状态] 8890145315 STOCK: 初始化中
[12:19:18] [账号状态] 8890145315 STOCK: 正常
[12:19:30] [LUNCH 12:19:30]
[12:22:30] [账号状态] 8890145315 STOCK: 等待登录
[12:22:45] [账号状态] 8890145315 STOCK: 正常
[12:24:32] [LUNCH 12:24:32]
[12:26:03] [账号状态] 8890145315 STOCK: 等待登录
[12:26:18] [账号状态] 8890145315 STOCK: 正常
[12:29:31] [账号状态] 8890145315 STOCK: 等待登录
[12:29:41] [LUNCH 12:29:41]
[12:30:22] [账号状态] 8890145315 STOCK: 未知(2)
[12:30:22] [账号状态] 8890145315 STOCK: 初始化中
[12:30:22] [账号状态] 8890145315 STOCK: 正常
[12:33:01] [账号状态] 8890145315 STOCK: 等待登录
[12:33:17] [账号状态] 8890145315 STOCK: 正常
[12:34:49] [LUNCH 12:34:49]
[12:36:29] [账号状态] 8890145315 STOCK: 等待登录
[12:36:44] [账号状态] 8890145315 STOCK: 正常
[12:40:02] [账号状态] 8890145315 STOCK: 等待登录
[12:40:03] [LUNCH 12:40:03]
[12:40:17] [账号状态] 8890145315 STOCK: 正常
[12:43:34] [账号状态] 8890145315 STOCK: 等待登录
[12:43:49] [账号状态] 8890145315 STOCK: 正常
[12:45:12] [LUNCH 12:45:12]
[12:47:05] [账号状态] 8890145315 STOCK: 等待登录
[12:47:20] [账号状态] 8890145315 STOCK: 正常
[12:50:31] [LUNCH 12:50:31]
[12:50:34] [账号状态] 8890145315 STOCK: 等待登录
[12:50:52] [账号状态] 8890145315 STOCK: 正常
[12:54:01] [账号状态] 8890145315 STOCK: 等待登录
[12:54:16] [账号状态] 8890145315 STOCK: 正常
[12:55:33] [LUNCH 12:55:33]
[12:57:36] [账号状态] 8890145315 STOCK: 等待登录
[12:57:52] [账号状态] 8890145315 STOCK: 正常
[13:01:06] [MOM buyback buy] low Y348.19 回升0.23% → Y348.98
[13:01:07] [MOM buyback SKIP] 现金 不足: planned 100 actual 0
[13:01:07] [MOM buyback FAIL] 未成交, 保持 DIPPING
[13:01:07] [MOM-HB] 探底回升买回: dip Y348.19 Y348.98 trig±1.00%
[13:01:07] [HB] BT_BOUGHT Y348.98 buy Y352.38 -1.0% sellback Y356.61 ladder Y347.09
[13:01:08] [MOM buyback buy] low Y348.19 回升0.23% → Y348.98
[13:01:08] [MOM buyback SKIP] 现金 不足: planned 100 actual 0
[13:01:08] [MOM buyback FAIL] 未成交, 保持 DIPPING
[13:01:08] [账号状态] 8890145315 STOCK: 等待登录
[13:01:09] [MOM buyback buy] low Y348.19 回升0.23% → Y348.98
[13:01:09] [MOM buyback SKIP] 现金 不足: planned 100 actual 0
[13:01:09] [MOM buyback FAIL] 未成交, 保持 DIPPING
[13:01:24] [账号状态] 8890145315 STOCK: 正常
[13:01:57] [MOM buyback buy] low Y347.43 回升0.13% → Y347.88
[13:01:57] [MOM buyback SKIP] 现金 不足: planned 100 actual 0
[13:01:57] [MOM buyback FAIL] 未成交, 保持 DIPPING
[13:01:58] [MOM buyback buy] low Y347.43 回升0.13% → Y347.88
[13:01:58] [MOM buyback SKIP] 现金 不足: planned 100 actual 0
[13:01:58] [MOM buyback FAIL] 未成交, 保持 DIPPING
[13:01:59] [MOM buyback buy] low Y347.43 回升0.13% → Y347.88
[13:01:59] [MOM buyback SKIP] 现金 不足: planned 100 actual 0
[13:01:59] [MOM buyback FAIL] 未成交, 保持 DIPPING
[13:02:07] [MOM-HB] 探底回升买回: dip Y347.42 Y347.68 trig±1.00%
[13:02:07] [HB] BT_BOUGHT Y347.68 buy Y352.38 -1.3% sellback Y356.61 ladder Y347.09
[13:02:27] [FWD-T stop-loss trig] avg Y352.38 now Y347.09(-1.5%)
[13:02:27] [FWD-T force sell trig]
[13:02:27] [ORDER-FWD-T force sell] Y347.09 × 100 sh
[13:02:27]   >>> 下单卖出: Y347.09 x 100股 601869.SH
[13:02:27] [委托] 卖 Y347.09 0/100股 -> 已报
[13:02:35] [成交] 卖 601869.SH Y347.09 x 100股 = Y34,709
[13:02:35] [委托] 卖 Y347.09 100/100股 -> 全成
[13:02:35] [FILL-FWD-T force sell(TIMEOUT)] Y347.09 × 100 sh | pos 300→200 | cash +34,709
[13:02:36] [RESUME] → IDLE (REV-T 0/5, FWD-T 1/5)
[13:02:39] [FWD-T dip #2/5] Y347.08 <= Y372.09(-6.72%)
[13:03:05] [MOM buyback buy] low Y347.00 回升0.20% → Y347.68
[13:03:05] [MOM buyback SKIP] 现金 不足: planned 100 actual 99
[13:03:05] [MOM buyback FAIL] 未成交, 保持 DIPPING
[13:03:05] [FWD-T buy trig] low Y347.08 bounce 0.17% → Y347.68
[13:03:05] [FWD-T buy SKIP] 现金 不足: planned 100 actual 99
[13:03:06] [MOM buyback buy] low Y347.00 回升0.20% → Y347.68
[13:03:06] [MOM buyback SKIP] 现金 不足: planned 100 actual 99
[13:03:06] [MOM buyback FAIL] 未成交, 保持 DIPPING
[13:03:06] [FWD-T dip #2/5] Y347.68 <= Y372.09(-6.56%)
[13:03:07] [MOM buyback buy] low Y347.00 回升0.20% → Y347.68
[13:03:07] [MOM buyback SKIP] 现金 不足: planned 100 actual 99
[13:03:07] [MOM buyback FAIL] 未成交, 保持 DIPPING
[13:03:07] [MOM-HB] 探底回升买回: dip Y347.00 Y347.68 trig±1.00%
[13:03:07] [HB] BT_DIPPING Y347.68 dip Y347.68 bounce 0.00%
[13:03:08] [MOM buyback buy] low Y347.00 回升0.11% → Y347.37
[13:03:08] [MOM buyback SKIP] 现金 不足: planned 100 actual 99
[13:03:08] [MOM buyback FAIL] 未成交, 保持 DIPPING
[13:03:09] [MOM buyback buy] low Y347.00 回升0.11% → Y347.37
[13:03:09] [MOM buyback SKIP] 现金 不足: planned 100 actual 99
[13:03:09] [MOM buyback FAIL] 未成交, 保持 DIPPING
[13:03:10] [MOM buyback buy] low Y347.00 回升0.11% → Y347.37
[13:03:10] [MOM buyback SKIP] 现金 不足: planned 100 actual 99
[13:03:10] [MOM buyback FAIL] 未成交, 保持 DIPPING
[13:03:11] [MOM buyback buy] low Y347.00 回升0.20% → Y347.68
[13:03:11] [MOM buyback SKIP] 现金 不足: planned 100 actual 99
[13:03:11] [MOM buyback FAIL] 未成交, 保持 DIPPING
[13:03:12] [MOM buyback buy] low Y347.00 回升0.20% → Y347.68
[13:03:12] [MOM buyback SKIP] 现金 不足: planned 100 actual 99
[13:03:12] [MOM buyback FAIL] 未成交, 保持 DIPPING
[13:03:13] [MOM buyback buy] low Y347.00 回升0.20% → Y347.68
[13:03:13] [MOM buyback SKIP] 现金 不足: planned 100 actual 99
[13:03:13] [MOM buyback FAIL] 未成交, 保持 DIPPING
[13:03:14] [MOM buyback buy] low Y347.00 回升0.11% → Y347.37
[13:03:14] [MOM buyback SKIP] 现金 不足: planned 100 actual 99
[13:03:14] [MOM buyback FAIL] 未成交, 保持 DIPPING
[13:03:15] [MOM buyback buy] low Y347.00 回升0.11% → Y347.37
[13:03:15] [MOM buyback SKIP] 现金 不足: planned 100 actual 99
[13:03:15] [MOM buyback FAIL] 未成交, 保持 DIPPING
[13:03:16] [MOM buyback buy] low Y347.00 回升0.11% → Y347.37
[13:03:16] [MOM buyback SKIP] 现金 不足: planned 100 actual 99
[13:03:16] [MOM buyback FAIL] 未成交, 保持 DIPPING
[13:03:17] [MOM buyback buy] low Y347.00 回升0.20% → Y347.69
[13:03:17] [MOM buyback SKIP] 现金 不足: planned 100 actual 99
[13:03:17] [MOM buyback FAIL] 未成交, 保持 DIPPING
[13:03:18] [MOM buyback buy] low Y347.00 回升0.20% → Y347.69
[13:03:18] [MOM buyback SKIP] 现金 不足: planned 100 actual 99
[13:03:18] [MOM buyback FAIL] 未成交, 保持 DIPPING
[13:03:19] [MOM buyback buy] low Y347.00 回升0.20% → Y347.69
[13:03:19] [MOM buyback SKIP] 现金 不足: planned 100 actual 99
[13:03:19] [MOM buyback FAIL] 未成交, 保持 DIPPING
[13:03:20] [MOM buyback buy] low Y347.00 回升0.20% → Y347.69
[13:03:20] [MOM buyback SKIP] 现金 不足: planned 100 actual 99
[13:03:20] [MOM buyback FAIL] 未成交, 保持 DIPPING
[13:03:21] [MOM buyback buy] low Y347.00 回升0.20% → Y347.69
[13:03:21] [MOM buyback SKIP] 现金 不足: planned 100 actual 99
[13:03:21] [MOM buyback FAIL] 未成交, 保持 DIPPING
[13:03:22] [MOM buyback buy] low Y347.00 回升0.20% → Y347.69
[13:03:22] [MOM buyback SKIP] 现金 不足: planned 100 actual 99
[13:03:22] [MOM buyback FAIL] 未成交, 保持 DIPPING
[13:03:23] [MOM buyback buy] low Y347.00 回升0.20% → Y347.69
[13:03:23] [MOM buyback SKIP] 现金 不足: planned 100 actual 99
[13:03:23] [MOM buyback FAIL] 未成交, 保持 DIPPING
[13:03:24] [MOM buyback buy] low Y347.00 回升0.20% → Y347.69
[13:03:24] [MOM buyback SKIP] 现金 不足: planned 100 actual 99
[13:03:24] [MOM buyback FAIL] 未成交, 保持 DIPPING
[13:03:25] [MOM buyback buy] low Y347.00 回升0.20% → Y347.69
[13:03:25] [MOM buyback SKIP] 现金 不足: planned 100 actual 99
[13:03:25] [MOM buyback FAIL] 未成交, 保持 DIPPING
[13:03:26] [MOM buyback buy] low Y347.00 回升0.27% → Y347.95
[13:03:26] [MOM buyback SKIP] 现金 不足: planned 100 actual 99
[13:03:26] [MOM buyback FAIL] 未成交, 保持 DIPPING
[13:03:26] [FWD-T buy trig] low Y347.37 bounce 0.17% → Y347.95
[13:03:26] [FWD-T buy SKIP] 现金 不足: planned 100 actual 99
[13:03:27] [MOM buyback buy] low Y347.00 回升0.27% → Y347.95
[13:03:27] [MOM buyback SKIP] 现金 不足: planned 100 actual 99
[13:03:27] [MOM buyback FAIL] 未成交, 保持 DIPPING
[13:03:27] [FWD-T dip #2/5] Y347.95 <= Y372.09(-6.49%)
[13:03:28] [MOM buyback buy] low Y347.00 回升0.27% → Y347.95
[13:03:28] [MOM buyback SKIP] 现金 不足: planned 100 actual 99
[13:03:28] [MOM buyback FAIL] 未成交, 保持 DIPPING
[13:03:29] [MOM buyback buy] low Y347.00 回升0.27% → Y347.95
[13:03:29] [MOM buyback SKIP] 现金 不足: planned 100 actual 99
[13:03:29] [MOM buyback FAIL] 未成交, 保持 DIPPING
[13:04:34] [MOM buyback buy] low Y347.00 回升0.27% → Y347.95
[13:04:36] [MOM buyback SKIP] 现金 不足: planned 100 actual 99
[13:04:36] [MOM buyback FAIL] 未成交, 保持 DIPPING
[13:04:37] [MOM buyback buy] low Y347.00 回升0.27% → Y347.95
[13:04:37] [MOM buyback SKIP] 现金 不足: planned 100 actual 99
[13:04:37] [MOM buyback FAIL] 未成交, 保持 DIPPING
[13:04:37] [MOM-HB] 探底回升买回: dip Y347.00 Y347.95 trig±1.00%
[13:04:37] [HB] BT_DIPPING Y347.95 dip Y347.95 bounce 0.00%
[13:04:38] [MOM buyback buy] low Y347.00 回升0.27% → Y347.95
[13:04:38] [MOM buyback SKIP] 现金 不足: planned 100 actual 99
[13:04:38] [MOM buyback FAIL] 未成交, 保持 DIPPING
[13:04:39] [MOM buyback buy] low Y347.00 回升0.27% → Y347.95
[13:04:39] [MOM buyback SKIP] 现金 不足: planned 100 actual 99
[13:04:39] [MOM buyback FAIL] 未成交, 保持 DIPPING
[13:04:39] [账号状态] 8890145315 STOCK: 等待登录
[13:04:40] [MOM buyback buy] low Y347.00 回升0.20% → Y347.69
[13:04:40] [MOM buyback SKIP] 现金 不足: planned 100 actual 99
[13:04:40] [MOM buyback FAIL] 未成交, 保持 DIPPING
[13:04:41] [MOM buyback buy] low Y347.00 回升0.23% → Y347.79
[13:04:41] [MOM buyback SKIP] 现金 不足: planned 100 actual 99
[13:04:41] [MOM buyback FAIL] 未成交, 保持 DIPPING
[13:04:54] [账号状态] 8890145315 STOCK: 正常
[13:05:37] [MOM-HB] 探底回升买回: dip Y346.73 Y346.73 trig±1.00%
[13:05:37] [HB] BT_DIPPING Y346.73 dip Y346.73 bounce 0.00%
[13:06:37] [MOM-HB] 探底回升买回: dip Y346.15 Y346.15 trig±1.00%
[13:06:37] [HB] BT_DIPPING Y346.15 dip Y346.15 bounce 0.00%
[13:08:04] [MOM-HB] 探底回升买回: dip Y346.03 Y346.03 trig±1.00%
[13:08:04] [HB] BT_DIPPING Y346.03 dip Y346.03 bounce 0.00%
[13:08:09] [账号状态] 8890145315 STOCK: 等待登录
[13:08:24] [账号状态] 8890145315 STOCK: 正常
[13:09:04] [MOM-HB] 探底回升买回: dip Y346.03 Y346.11 trig±1.00%
[13:09:04] [HB] BT_DIPPING Y346.11 dip Y346.03 bounce 0.02%
[13:10:04] [MOM-HB] 探底回升买回: dip Y346.00 Y346.00 trig±1.00%
[13:10:04] [HB] BT_DIPPING Y346.00 dip Y346.00 bounce 0.00%
[13:11:33] [MOM-HB] 探底回升买回: dip Y346.00 Y346.32 trig±1.00%
[13:11:33] [HB] BT_DIPPING Y346.32 dip Y346.00 bounce 0.09%
[13:11:38] [账号状态] 8890145315 STOCK: 等待登录
[13:11:53] [账号状态] 8890145315 STOCK: 正常
[13:12:19] [MOM buyback buy] low Y346.00 回升0.23% → Y346.78
[13:12:19] [ORDER-MOM buyback] Y346.78 × 100 sh
[13:12:19]   >>> 下单买入: Y346.78 x 100股 601869.SH
[13:12:19] [委托] 买 Y346.78 0/100股 -> 已报
[13:12:19] [成交] 买 601869.SH Y346.01 x 100股 = Y34,601
[13:12:19] [委托] 买 Y346.78 100/100股 -> 全成
[13:12:20] [FILL-MOM buyback] Y346.78 × 100 sh | pos 200→300 | cash -34,601
[13:12:20] [MOM short done] 卖Y355.01 买Y346.78 x 100sh gross~Y823
[13:12:20] [FWD-T buy trig] low Y346.00 bounce 0.23% → Y346.78
[13:12:20] [FWD-T buy SKIP] 现金 不足: planned 100 actual 0
[13:12:21] [FWD-T dip #2/5] Y346.01 <= Y372.09(-7.01%)
[13:12:34] [HB] BT_DIPPING Y346.00 dip Y346.00 bounce 0.00%
[13:13:34] [HB] BT_DIPPING Y345.51 dip Y345.51 bounce 0.00%
[13:15:07] [HB] BT_DIPPING Y345.29 dip Y345.29 bounce 0.00%
[13:15:11] [账号状态] 8890145315 STOCK: 等待登录
[13:15:27] [账号状态] 8890145315 STOCK: 正常
[13:16:07] [HB] BT_DIPPING Y345.28 dip Y345.25 bounce 0.01%
[13:16:20] [FWD-T buy trig] low Y345.25 bounce 0.10% → Y345.60
[13:16:20] [FWD-T buy SKIP] 现金 不足: planned 100 actual 0
[13:16:21] [FWD-T dip #2/5] Y345.60 <= Y372.09(-7.12%)
[13:16:29] [FWD-T buy trig] low Y345.60 bounce 0.10% → Y345.95
[13:16:29] [FWD-T buy SKIP] 现金 不足: planned 100 actual 0
[13:16:30] [FWD-T dip #2/5] Y345.95 <= Y372.09(-7.03%)
[13:16:47] [FWD-T buy trig] low Y345.95 bounce 0.12% → Y346.36
[13:16:47] [FWD-T buy SKIP] 现金 不足: planned 100 actual 0
[13:16:48] [FWD-T dip #2/5] Y346.36 <= Y372.09(-6.91%)
[13:17:07] [HB] BT_DIPPING Y346.00 dip Y346.00 bounce 0.00%
[13:18:37] [HB] BT_DIPPING Y345.66 dip Y345.66 bounce 0.00%
[13:18:41] [账号状态] 8890145315 STOCK: 等待登录
[13:18:57] [账号状态] 8890145315 STOCK: 正常
[13:19:37] [HB] BT_DIPPING Y345.66 dip Y345.66 bounce 0.00%
[13:20:34] [FWD-T buy trig] low Y345.24 bounce 0.11% → Y345.61
[13:20:34] [FWD-T buy SKIP] 现金 不足: planned 100 actual 0
[13:20:35] [FWD-T dip #2/5] Y345.61 <= Y372.09(-7.12%)
[13:20:37] [HB] BT_DIPPING Y345.52 dip Y345.52 bounce 0.00%
[13:20:46] [FWD-T buy trig] low Y345.52 bounce 0.14% → Y346.00
[13:20:46] [FWD-T buy SKIP] 现金 不足: planned 100 actual 0
[13:20:47] [FWD-T dip #2/5] Y346.00 <= Y372.09(-7.01%)
[13:20:58] [FWD-T buy trig] low Y346.00 bounce 0.13% → Y346.45
[13:20:58] [FWD-T buy SKIP] 现金 不足: planned 100 actual 0
[13:20:59] [FWD-T dip #2/5] Y346.45 <= Y372.09(-6.89%)
[13:22:08] [HB] BT_DIPPING Y346.45 dip Y346.45 bounce 0.00%
[13:22:12] [账号状态] 8890145315 STOCK: 等待登录
[13:22:28] [账号状态] 8890145315 STOCK: 正常
[13:23:08] [HB] BT_DIPPING Y346.71 dip Y346.45 bounce 0.08%
[13:23:12] [FWD-T buy trig] low Y346.45 bounce 0.10% → Y346.80
[13:23:12] [FWD-T buy SKIP] 现金 不足: planned 100 actual 0
[13:23:13] [FWD-T dip #2/5] Y347.00 <= Y372.09(-6.74%)
[13:23:21] [FWD-T buy trig] low Y347.00 bounce 0.48% → Y348.66
[13:23:21] [FWD-T buy SKIP] 现金 不足: planned 100 actual 0
[13:23:22] [FWD-T dip #2/5] Y348.77 <= Y372.09(-6.27%)
[13:23:41] [FWD-T buy trig] low Y348.77 bounce 0.24% → Y349.61
[13:23:41] [FWD-T buy SKIP] 现金 不足: planned 100 actual 0
[13:23:42] [FWD-T dip #2/5] Y349.61 <= Y372.09(-6.04%)
[13:23:50] [MOM spike] 2min +1.00% (2×ATR10m 1.00%) Y350.12 → 冲高回落卖出监测
[13:23:50] [FWD-T buy trig] low Y349.61 bounce 0.15% → Y350.12
[13:23:50] [FWD-T buy SKIP] 现金 不足: planned 100 actual 0
[13:23:51] [MOM-HB] 冲高回落卖出: peak Y350.12 Y350.12 trig±1.00%
[13:23:51] [FWD-T dip #2/5] Y350.12 <= Y372.09(-5.90%)
[13:24:08] [MOM sell trig] peak Y350.34 回落0.17% → Y349.74
[13:24:08] [MOM short SKIP] 可卖 不足: planned 100 actual 0
[13:24:08] [HB] BT_DIPPING Y349.74 dip Y349.74 bounce 0.00%
[13:24:20] [FWD-T buy trig] low Y349.05 bounce 0.19% → Y349.70
[13:24:20] [FWD-T buy SKIP] 现金 不足: planned 100 actual 0
[13:24:21] [FWD-T dip #2/5] Y349.70 <= Y372.09(-6.02%)
[13:25:38] [HB] BT_DIPPING Y349.06 dip Y349.06 bounce 0.00%
[13:25:42] [账号状态] 8890145315 STOCK: 等待登录
[13:25:58] [账号状态] 8890145315 STOCK: 正常
[13:26:38] [FWD-T buy trig] low Y346.01 bounce 0.14% → Y346.49
[13:26:38] [FWD-T buy SKIP] 现金 不足: planned 100 actual 0
[13:26:38] [HB] IDLE Y346.49 REV-T: need +42.24 to Y388.73 | FWD-T: need! +25.60 to Y372.09
[13:26:39] [FWD-T dip #2/5] Y346.49 <= Y372.09(-6.88%)
[13:27:23] [FWD-T buy trig] low Y346.23 bounce 0.14% → Y346.70
[13:27:23] [FWD-T buy SKIP] 现金 不足: planned 100 actual 0
[13:27:24] [FWD-T dip #2/5] Y346.70 <= Y372.09(-6.82%)
[13:27:29] [FWD-T buy trig] low Y346.70 bounce 0.31% → Y347.77
[13:27:29] [FWD-T buy SKIP] 现金 不足: planned 100 actual 0
[13:27:30] [FWD-T dip #2/5] Y347.77 <= Y372.09(-6.54%)
[13:27:38] [HB] BT_DIPPING Y347.69 dip Y347.69 bounce 0.00%
[13:28:02] [FWD-T buy trig] low Y347.69 bounce 0.11% → Y348.07
[13:28:02] [FWD-T buy SKIP] 现金 不足: planned 100 actual 0
[13:28:03] [FWD-T dip #2/5] Y348.07 <= Y372.09(-6.46%)
[13:29:09] [FWD-T buy trig] low Y348.07 bounce 0.12% → Y348.48
[13:29:09] [FWD-T buy SKIP] 现金 不足: planned 100 actual 0
[13:29:10] [FWD-T dip #2/5] Y348.48 <= Y372.09(-6.35%)
[13:29:11] [HB] BT_DIPPING Y348.48 dip Y348.48 bounce 0.00%
[13:29:14] [账号状态] 8890145315 STOCK: 等待登录
[13:29:29] [账号状态] 8890145315 STOCK: 正常
[13:29:38] [FWD-T buy trig] low Y347.00 bounce 0.21% → Y347.74
[13:29:38] [FWD-T buy SKIP] 现金 不足: planned 100 actual 0
[13:29:39] [FWD-T dip #2/5] Y347.74 <= Y372.09(-6.54%)
[13:29:44] [FWD-T buy trig] low Y347.20 bounce 0.16% → Y347.74
[13:29:44] [FWD-T buy SKIP] 现金 不足: planned 100 actual 0
[13:29:45] [FWD-T dip #2/5] Y347.74 <= Y372.09(-6.54%)
[13:30:11] [HB] BT_DIPPING Y347.30 dip Y347.30 bounce 0.00%
[13:31:05] [FWD-T buy trig] low Y346.68 bounce 0.10% → Y347.03
[13:31:05] [FWD-T buy SKIP] 现金 不足: planned 100 actual 0
[13:31:06] [FWD-T dip #2/5] Y347.03 <= Y372.09(-6.73%)
[13:31:08] [FWD-T buy trig] low Y347.03 bounce 0.21% → Y347.76
[13:31:08] [FWD-T buy SKIP] 现金 不足: planned 100 actual 0
[13:31:09] [FWD-T dip #2/5] Y347.76 <= Y372.09(-6.54%)
[13:31:11] [HB] BT_DIPPING Y347.77 dip Y347.76 bounce 0.00%
[13:31:17] [FWD-T buy trig] low Y347.76 bounce 0.21% → Y348.48
[13:31:17] [FWD-T buy SKIP] 现金 不足: planned 100 actual 0
[13:31:18] [FWD-T dip #2/5] Y348.48 <= Y372.09(-6.35%)
[13:31:53] [FWD-T buy trig] low Y348.02 bounce 0.13% → Y348.48
[13:31:53] [FWD-T buy SKIP] 现金 不足: planned 100 actual 0
[13:31:54] [FWD-T dip #2/5] Y348.48 <= Y372.09(-6.35%)
[13:32:11] [HB] BT_DIPPING Y348.80 dip Y348.47 bounce 0.09%
[13:32:14] [FWD-T buy trig] low Y348.47 bounce 0.15% → Y349.00
[13:32:14] [FWD-T buy SKIP] 现金 不足: planned 100 actual 0
[13:32:15] [FWD-T dip #2/5] Y349.00 <= Y372.09(-6.21%)
[13:32:17] [FWD-T buy trig] low Y349.00 bounce 0.29% → Y350.00
[13:32:17] [FWD-T buy SKIP] 现金 不足: planned 100 actual 0
[13:32:18] [FWD-T dip #2/5] Y350.00 <= Y372.09(-5.94%)
[13:33:11] [HB] BT_DIPPING Y350.26 dip Y349.99 bounce 0.08%
[13:33:26] [FWD-T buy trig] low Y349.51 bounce 0.14% → Y349.99
[13:33:26] [FWD-T buy SKIP] 现金 不足: planned 100 actual 0
[13:33:27] [FWD-T dip #2/5] Y349.99 <= Y372.09(-5.94%)
[13:33:44] [FWD-T buy trig] low Y349.40 bounce 0.11% → Y349.79
[13:33:44] [FWD-T buy SKIP] 现金 不足: planned 100 actual 0
[13:33:45] [FWD-T dip #2/5] Y349.79 <= Y372.09(-5.99%)
[13:33:47] [FWD-T buy trig] low Y349.79 bounce 0.13% → Y350.25
[13:33:47] [FWD-T buy SKIP] 现金 不足: planned 100 actual 0
[13:33:48] [FWD-T dip #2/5] Y350.25 <= Y372.09(-5.87%)
[13:34:11] [HB] BT_DIPPING Y350.25 dip Y350.25 bounce 0.00%
[13:35:10] [FWD-T buy trig] low Y348.68 bounce 0.14% → Y349.18
[13:35:10] [FWD-T buy SKIP] 现金 不足: planned 100 actual 0
[13:35:11] [FWD-T dip #2/5] Y349.18 <= Y372.09(-6.16%)
[13:35:11] [HB] BT_DIPPING Y349.18 dip Y349.18 bounce 0.00%
[13:35:13] [FWD-T buy trig] low Y349.18 bounce 0.17% → Y349.79
[13:35:13] [FWD-T buy SKIP] 现金 不足: planned 100 actual 0
[13:35:14] [FWD-T dip #2/5] Y349.79 <= Y372.09(-5.99%)
[13:35:23] [FWD-T buy trig] low Y349.20 bounce 0.20% → Y349.90
[13:35:23] [FWD-T buy SKIP] 现金 不足: planned 100 actual 0
[13:35:24] [FWD-T dip #2/5] Y349.90 <= Y372.09(-5.96%)
[13:36:11] [HB] BT_DIPPING Y349.29 dip Y349.19 bounce 0.03%
[13:36:37] [FWD-T buy trig] low Y348.11 bounce 0.11% → Y348.50
[13:36:37] [FWD-T buy SKIP] 现金 不足: planned 100 actual 0
[13:36:38] [FWD-T dip #2/5] Y348.50 <= Y372.09(-6.34%)
[13:37:11] [HB] BT_DIPPING Y347.69 dip Y347.48 bounce 0.06%
[13:38:11] [HB] BT_DIPPING Y347.27 dip Y347.10 bounce 0.05%
[13:38:55] [FWD-T buy trig] low Y347.00 bounce 0.15% → Y347.53
[13:38:55] [FWD-T buy SKIP] 现金 不足: planned 100 actual 0
[13:38:56] [FWD-T dip #2/5] Y347.53 <= Y372.09(-6.60%)
[13:38:58] [FWD-T buy trig] low Y347.53 bounce 0.14% → Y348.00
[13:38:58] [FWD-T buy SKIP] 现金 不足: planned 100 actual 0
[13:38:59] [FWD-T dip #2/5] Y348.00 <= Y372.09(-6.47%)
[13:39:11] [HB] BT_DIPPING Y348.00 dip Y348.00 bounce 0.00%
[13:39:16] [FWD-T buy trig] low Y348.00 bounce 0.17% → Y348.60
[13:39:16] [FWD-T buy SKIP] 现金 不足: planned 100 actual 0
[13:39:17] [FWD-T dip #2/5] Y348.60 <= Y372.09(-6.31%)
[13:39:22] [FWD-T buy trig] low Y348.21 bounce 0.11% → Y348.60
[13:39:22] [FWD-T buy SKIP] 现金 不足: planned 100 actual 0
[13:39:23] [FWD-T dip #2/5] Y348.60 <= Y372.09(-6.31%)
[13:39:28] [FWD-T buy trig] low Y348.60 bounce 0.10% → Y348.95
[13:39:28] [FWD-T buy SKIP] 现金 不足: planned 100 actual 0
[13:39:29] [FWD-T dip #2/5] Y348.95 <= Y372.09(-6.22%)
[13:39:59] [FWD-T buy trig] low Y348.79 bounce 0.26% → Y349.68
[13:39:59] [FWD-T buy SKIP] 现金 不足: planned 100 actual 0
[13:40:00] [FWD-T dip #2/5] Y349.68 <= Y372.09(-6.02%)
[13:40:12] [HB] BT_DIPPING Y349.50 dip Y349.50 bounce 0.00%
[13:40:14] [FWD-T buy trig] low Y349.50 bounce 0.14% → Y350.00
[13:40:14] [FWD-T buy SKIP] 现金 不足: planned 100 actual 0
[13:40:15] [FWD-T dip #2/5] Y350.00 <= Y372.09(-5.94%)
[13:41:05] [FWD-T buy trig] low Y349.51 bounce 0.14% → Y350.00
[13:41:05] [FWD-T buy SKIP] 现金 不足: planned 100 actual 0
[13:41:06] [FWD-T dip #2/5] Y350.00 <= Y372.09(-5.94%)
[13:41:12] [HB] BT_DIPPING Y349.99 dip Y349.98 bounce 0.00%
[13:42:12] [HB] BT_DIPPING Y349.64 dip Y349.52 bounce 0.03%
[13:43:08] [FWD-T buy trig] low Y349.21 bounce 0.10% → Y349.56
[13:43:08] [FWD-T buy SKIP] 现金 不足: planned 100 actual 0
[13:43:09] [FWD-T dip #2/5] Y349.56 <= Y372.09(-6.05%)
[13:43:12] [HB] BT_DIPPING Y349.56 dip Y349.56 bounce 0.00%
[13:44:12] [HB] BT_DIPPING Y347.89 dip Y347.89 bounce 0.00%
[13:44:39] [FWD-T buy trig] low Y347.58 bounce 0.18% → Y348.20
[13:44:39] [FWD-T buy SKIP] 现金 不足: planned 100 actual 0
[13:44:40] [FWD-T dip #2/5] Y348.20 <= Y372.09(-6.42%)
[13:45:12] [HB] BT_DIPPING Y348.51 dip Y348.20 bounce 0.09%
[13:46:12] [HB] BT_DIPPING Y347.83 dip Y347.83 bounce 0.00%
[13:46:47] [FWD-T buy trig] low Y347.81 bounce 0.20% → Y348.52
[13:46:47] [FWD-T buy SKIP] 现金 不足: planned 100 actual 0
[13:46:48] [FWD-T dip #2/5] Y348.52 <= Y372.09(-6.33%)
[13:46:53] [FWD-T buy trig] low Y348.52 bounce 0.12% → Y348.93
[13:46:53] [FWD-T buy SKIP] 现金 不足: planned 100 actual 0
[13:46:54] [FWD-T dip #2/5] Y348.93 <= Y372.09(-6.22%)
[13:47:12] [HB] BT_DIPPING Y348.61 dip Y348.61 bounce 0.00%
[13:47:22] [FWD-T buy trig] low Y348.57 bounce 0.11% → Y348.95
[13:47:22] [FWD-T buy SKIP] 现金 不足: planned 100 actual 0
[13:47:23] [FWD-T dip #2/5] Y348.95 <= Y372.09(-6.22%)
[13:47:34] [FWD-T buy trig] low Y348.56 bounce 0.12% → Y348.98
[13:47:34] [FWD-T buy SKIP] 现金 不足: planned 100 actual 0
[13:47:35] [FWD-T dip #2/5] Y348.98 <= Y372.09(-6.21%)
[13:48:12] [HB] BT_DIPPING Y348.97 dip Y348.96 bounce 0.00%
[13:49:12] [HB] BT_DIPPING Y348.12 dip Y348.12 bounce 0.00%
[13:50:12] [HB] BT_DIPPING Y347.80 dip Y347.80 bounce 0.00%
[13:51:12] [HB] BT_DIPPING Y347.60 dip Y347.60 bounce 0.00%
[13:52:12] [HB] BT_DIPPING Y347.20 dip Y347.20 bounce 0.00%
[13:53:13] [HB] BT_DIPPING Y347.00 dip Y347.00 bounce 0.00%
[13:54:11] [FWD-T buy trig] low Y346.65 bounce 0.10% → Y347.00
[13:54:11] [FWD-T buy SKIP] 现金 不足: planned 100 actual 0
[13:54:12] [FWD-T dip #2/5] Y347.00 <= Y372.09(-6.74%)
[13:54:13] [HB] BT_DIPPING Y347.00 dip Y347.00 bounce 0.00%
[13:55:13] [HB] BT_DIPPING Y346.23 dip Y346.22 bounce 0.00%
[13:55:56] [FWD-T buy trig] low Y346.16 bounce 0.12% → Y346.58
[13:55:56] [FWD-T buy SKIP] 现金 不足: planned 100 actual 0
[13:55:57] [FWD-T dip #2/5] Y346.58 <= Y372.09(-6.86%)
[13:56:13] [HB] BT_DIPPING Y346.20 dip Y346.20 bounce 0.00%
[13:57:13] [HB] BT_DIPPING Y346.00 dip Y346.00 bounce 0.00%
[13:58:13] [HB] BT_DIPPING Y346.02 dip Y345.89 bounce 0.04%
[13:59:13] [HB] BT_DIPPING Y345.98 dip Y345.89 bounce 0.03%
[14:00:13] [HB] BT_DIPPING Y345.75 dip Y345.75 bounce 0.00%
[14:01:11] [FWD-T buy trig] low Y345.62 bounce 0.12% → Y346.05
[14:01:11] [FWD-T buy SKIP] 现金 不足: planned 100 actual 0
[14:01:12] [FWD-T dip #2/5] Y346.05 <= Y372.09(-7.00%)
[14:01:13] [HB] BT_DIPPING Y346.05 dip Y346.05 bounce 0.00%
[14:02:13] [HB] BT_DIPPING Y345.78 dip Y345.70 bounce 0.02%
[14:03:13] [HB] BT_DIPPING Y345.48 dip Y345.46 bounce 0.01%
[14:04:13] [HB] BT_DIPPING Y345.46 dip Y345.33 bounce 0.04%
[14:04:16] [FWD-T buy trig] low Y345.33 bounce 0.11% → Y345.72
[14:04:16] [FWD-T buy SKIP] 现金 不足: planned 100 actual 0
[14:04:17] [FWD-T dip #2/5] Y345.72 <= Y372.09(-7.09%)
[14:05:13] [HB] BT_DIPPING Y345.83 dip Y345.72 bounce 0.03%
[14:05:29] [FWD-T buy trig] low Y345.72 bounce 0.16% → Y346.26
[14:05:29] [FWD-T buy SKIP] 现金 不足: planned 100 actual 0
[14:05:30] [FWD-T dip #2/5] Y346.26 <= Y372.09(-6.94%)
[14:05:43] [FWD-T buy trig] low Y346.00 bounce 0.12% → Y346.40
[14:05:43] [FWD-T buy SKIP] 现金 不足: planned 100 actual 0
[14:05:44] [FWD-T dip #2/5] Y346.40 <= Y372.09(-6.90%)
[14:06:13] [HB] BT_DIPPING Y345.83 dip Y345.83 bounce 0.00%
[14:07:13] [HB] BT_DIPPING Y345.78 dip Y345.77 bounce 0.00%
[14:08:14] [HB] BT_DIPPING Y345.35 dip Y345.34 bounce 0.00%
[14:09:14] [HB] BT_DIPPING Y345.32 dip Y345.30 bounce 0.01%
[14:10:14] [HB] BT_DIPPING Y345.26 dip Y345.25 bounce 0.00%
[14:10:47] [FWD-T buy trig] low Y345.24 bounce 0.14% → Y345.71
[14:10:47] [FWD-T buy SKIP] 现金 不足: planned 100 actual 0
[14:10:48] [FWD-T dip #2/5] Y345.71 <= Y372.09(-7.09%)
[14:11:14] [FWD-T buy trig] low Y345.70 bounce 0.17% → Y346.30
[14:11:14] [FWD-T buy SKIP] 现金 不足: planned 100 actual 0
[14:11:14] [HB] IDLE Y346.30 REV-T: need +42.43 to Y388.73 | FWD-T: need! +25.79 to Y372.09
[14:11:15] [FWD-T dip #2/5] Y346.30 <= Y372.09(-6.93%)
[14:12:14] [HB] BT_DIPPING Y346.30 dip Y346.29 bounce 0.00%
[14:12:38] [FWD-T buy trig] low Y346.29 bounce 0.20% → Y346.99
[14:12:38] [FWD-T buy SKIP] 现金 不足: planned 100 actual 0
[14:12:39] [FWD-T dip #2/5] Y346.99 <= Y372.09(-6.75%)
[14:13:14] [HB] BT_DIPPING Y347.06 dip Y346.99 bounce 0.02%
[14:13:50] [FWD-T buy trig] low Y345.91 bounce 0.12% → Y346.31
[14:13:50] [FWD-T buy SKIP] 现金 不足: planned 100 actual 0
[14:13:51] [FWD-T dip #2/5] Y346.31 <= Y372.09(-6.93%)
[14:14:14] [HB] BT_DIPPING Y346.30 dip Y346.01 bounce 0.08%
[14:15:14] [HB] BT_DIPPING Y345.32 dip Y345.32 bounce 0.00%
[14:16:14] [HB] BT_DIPPING Y345.46 dip Y345.25 bounce 0.06%
[14:17:14] [HB] BT_DIPPING Y345.25 dip Y345.25 bounce 0.00%
[14:18:14] [HB] BT_DIPPING Y345.25 dip Y345.24 bounce 0.00%
[14:19:14] [HB] BT_DIPPING Y345.24 dip Y345.24 bounce 0.00%
[14:20:14] [HB] BT_DIPPING Y345.24 dip Y345.24 bounce 0.00%
[14:21:14] [HB] BT_DIPPING Y345.24 dip Y345.24 bounce 0.00%
[14:22:14] [HB] BT_DIPPING Y345.24 dip Y345.24 bounce 0.00%
[14:23:14] [HB] BT_DIPPING Y345.24 dip Y345.24 bounce 0.00%
[14:24:14] [HB] BT_DIPPING Y345.24 dip Y345.24 bounce 0.00%
[14:25:14] [HB] BT_DIPPING Y345.24 dip Y345.24 bounce 0.00%
[14:26:14] [HB] BT_DIPPING Y345.24 dip Y345.24 bounce 0.00%
[14:27:14] [HB] BT_DIPPING Y345.24 dip Y345.24 bounce 0.00%
[14:28:15] [HB] BT_DIPPING Y345.24 dip Y345.24 bounce 0.00%
[14:29:15] [HB] BT_DIPPING Y345.24 dip Y345.24 bounce 0.00%
[14:30:15] [HB] BT_DIPPING Y345.24 dip Y345.24 bounce 0.00%
[14:31:15] [HB] BT_DIPPING Y345.24 dip Y345.24 bounce 0.00%
[14:32:15] [HB] BT_DIPPING Y345.24 dip Y345.24 bounce 0.00%
[14:33:15] [HB] BT_DIPPING Y345.24 dip Y345.24 bounce 0.00%
[14:34:15] [HB] BT_DIPPING Y345.24 dip Y345.24 bounce 0.00%
[14:35:15] [HB] BT_DIPPING Y345.24 dip Y345.24 bounce 0.00%
[14:36:15] [HB] BT_DIPPING Y345.24 dip Y345.24 bounce 0.00%
[14:37:15] [HB] BT_DIPPING Y345.24 dip Y345.24 bounce 0.00%
[14:38:15] [HB] BT_DIPPING Y345.24 dip Y345.24 bounce 0.00%
[14:39:15] [HB] BT_DIPPING Y345.24 dip Y345.24 bounce 0.00%
[14:40:15] [HB] BT_DIPPING Y345.24 dip Y345.24 bounce 0.00%
[14:41:15] [HB] BT_DIPPING Y345.24 dip Y345.24 bounce 0.00%
[14:42:15] [HB] BT_DIPPING Y345.24 dip Y345.24 bounce 0.00%
[14:43:15] [HB] BT_DIPPING Y345.24 dip Y345.24 bounce 0.00%
[14:44:15] [HB] BT_DIPPING Y345.24 dip Y345.24 bounce 0.00%
[14:45:15] [HB] BT_DIPPING Y345.24 dip Y345.24 bounce 0.00%
[14:46:16] [HB] BT_DIPPING Y345.24 dip Y345.24 bounce 0.00%
[14:47:16] [HB] BT_DIPPING Y345.24 dip Y345.24 bounce 0.00%
[14:48:16] [HB] BT_DIPPING Y345.24 dip Y345.24 bounce 0.00%
[14:49:16] [HB] BT_DIPPING Y345.24 dip Y345.24 bounce 0.00%
[14:50:16] [HB] BT_DIPPING Y345.24 dip Y345.24 bounce 0.00%
[14:51:16] [HB] BT_DIPPING Y345.24 dip Y345.24 bounce 0.00%
[14:52:16] [HB] BT_DIPPING Y345.24 dip Y345.24 bounce 0.00%
[14:53:16] [HB] BT_DIPPING Y345.24 dip Y345.24 bounce 0.00%
[14:54:16] [HB] BT_DIPPING Y345.24 dip Y345.24 bounce 0.00%
[14:55:16] [HB] BT_DIPPING Y345.24 dip Y345.24 bounce 0.00%
[14:56:16] [HB] BT_DIPPING Y345.24 dip Y345.24 bounce 0.00%
[14:57:16] [HB] BT_DIPPING Y345.24 dip Y345.24 bounce 0.00%
[14:58:16] [HB] BT_DIPPING Y345.24 dip Y345.24 bounce 0.00%
[14:59:16] [HB] BT_DIPPING Y345.24 dip Y345.24 bounce 0.00%
[15:04:21] [CLOSE 15:04:21]
[15:09:21] [CLOSE 15:09:21]
[15:14:21] [CLOSE 15:14:21]
[15:19:21] [CLOSE 15:19:21]
[15:24:21] [CLOSE 15:24:21]
[15:29:21] [CLOSE 15:29:21]
[15:34:21] [CLOSE 15:34:21]
[15:39:21] [CLOSE 15:39:21]
[15:44:21] [CLOSE 15:44:21]
[15:47:56] [账号状态] 8890145315 STOCK: 等待登录
[15:48:11] [账号状态] 8890145315 STOCK: 正常
[15:49:31] [CLOSE 15:49:31]
[15:51:26] [账号状态] 8890145315 STOCK: 等待登录
[15:51:41] [账号状态] 8890145315 STOCK: 正常
[15:54:52] [CLOSE 15:54:52]
[15:54:55] [账号状态] 8890145315 STOCK: 等待登录
[15:55:10] [账号状态] 8890145315 STOCK: 正常
[15:58:28] [账号状态] 8890145315 STOCK: 等待登录
[15:58:43] [账号状态] 8890145315 STOCK: 正常
[15:59:53] [CLOSE 15:59:53]
[16:01:58] [账号状态] 8890145315 STOCK: 等待登录
[16:02:14] [账号状态] 8890145315 STOCK: 正常
[16:05:03] [CLOSE 16:05:03]
[16:10:03] [CLOSE 16:10:03]
[16:15:03] [CLOSE 16:15:03]
[16:20:03] [CLOSE 16:20:03]
[16:25:03] [CLOSE 16:25:03]
[16:30:03] [CLOSE 16:30:03]
[16:35:03] [CLOSE 16:35:03]
[16:40:03] [CLOSE 16:40:03]
[16:45:03] [CLOSE 16:45:03]
[16:46:49] [账号状态] 8890145315 STOCK: 等待登录
[16:47:19] [账号状态] 8890145315 STOCK: 正常
[16:50:03] [CLOSE 16:50:03]
[16:55:03] [CLOSE 16:55:03]
[17:00:03] [CLOSE 17:00:03]
[17:05:03] [CLOSE 17:05:03]
[17:10:03] [CLOSE 17:10:03]
[17:15:03] [CLOSE 17:15:03]
[17:20:03] [CLOSE 17:20:03]
[17:25:03] [CLOSE 17:25:03]
[17:30:03] [CLOSE 17:30:03]
[17:35:03] [CLOSE 17:35:03]
[17:40:03] [CLOSE 17:40:03]
[17:45:03] [CLOSE 17:45:03]
[17:50:03] [CLOSE 17:50:03]
[17:55:03] [CLOSE 17:55:03]
[18:00:03] [CLOSE 18:00:03]
[18:05:03] [CLOSE 18:05:03]
[18:10:03] [CLOSE 18:10:03]
[18:15:03] [CLOSE 18:15:03]
[18:20:03] [CLOSE 18:20:03]
[18:25:03] [CLOSE 18:25:03]
